customer_id,customer_name,email,registration_date,customer_type
C00001,Vivaan Sharma,vivaan.sharma1example.com,2024-02-21,REGULAR
C00002,Aditya Verma,aditya.verma2@,2023-07-30,PREMIUM
C00003,Meera Verma,meera.verma3example.com,2023-09-12,REGULAR
C00004,Aarav Verma,aarav.verma4@,2024-03-21,REGULAR
C00005,Riya Sharma,riya.sharma5example.com,2023-09-27,REGULAR
C00006,Meera Khan,meera.khan6@,2024-03-20,REGULAR
C00007,Ishaan Sharma,ishaan.sharma7example.com,2024-04-20,REGULAR
C00008,Ananya Gupta,ananya.gupta8@,2024-04-22,REGULAR
C00009,Ananya Verma,ananya.verma9example.com,2024-05-24,REGULAR
C00010,Ananya Iyer,ananya.iyer10@,2023-09-05,REGULAR
C00011,Aarav Singh,aarav.singh11example.com,2023-10-10,REGULAR
C00012,Diya Verma,diya.verma12@,2023-10-02,REGULAR
C00013,Riya Iyer,riya.iyer13@example.com,2023-09-19,REGULAR
C00014,Vivaan Sharma,vivaan.sharma14@example.com,2023-08-07,REGULAR
C00015,Ishaan Verma,ishaan.verma15@example.com,2024-03-13,PREMIUM
C00016,Diya Gupta,diya.gupta16@example.com,2023-11-21,REGULAR
C00017,Ananya Patel,ananya.patel17@example.com,2024-01-03,REGULAR
C00018,Ishaan Verma,ishaan.verma18@example.com,2023-09-03,REGULAR
C00019,Meera Reddy,meera.reddy19@example.com,2024-04-18,REGULAR
C00020,Ishaan Das,ishaan.das20@example.com,2024-03-20,REGULAR
C00021,Aarav Reddy,aarav.reddy21@example.com,2024-06-24,PREMIUM
C00022,Diya Gupta,diya.gupta22@example.com,2024-06-07,REGULAR
C00023,Riya Iyer,riya.iyer23@example.com,2024-03-24,REGULAR
C00024,Diya Singh,diya.singh24@example.com,2024-04-28,REGULAR
C00025,Arjun Das,arjun.das25@example.com,2023-10-09,REGULAR
C00026,Riya Khan,riya.khan26@example.com,2023-09-16,REGULAR
C00027,Arjun Patel,arjun.patel27@example.com,2023-10-24,REGULAR
C00028,Aarav Verma,aarav.verma28@example.com,2024-04-23,REGULAR
C00029,Diya Nair,diya.nair29@example.com,2024-06-08,REGULAR
C00030,Riya Singh,riya.singh30@example.com,2023-10-14,REGULAR
C00031,Meera Sharma,meera.sharma31@example.com,2023-07-28,PREMIUM
C00032,Meera Gupta,meera.gupta32@example.com,2023-08-17,REGULAR
C00033,Ishaan Khan,ishaan.khan33@example.com,2024-04-21,REGULAR
C00034,Ishaan Das,ishaan.das34@example.com,2024-04-10,REGULAR
C00035,Vivaan Gupta,vivaan.gupta35@example.com,2023-08-18,REGULAR
C00036,Arjun Patel,arjun.patel36@example.com,2024-01-01,PREMIUM
C00037,Meera Das,meera.das37@example.com,2024-07-10,REGULAR
C00038,Kavya Sharma,kavya.sharma38@example.com,2024-05-14,PREMIUM
C00039,Ishaan Reddy,ishaan.reddy39@example.com,2024-06-11,REGULAR
C00040,Riya Verma,riya.verma40@example.com,2024-05-28,PREMIUM
C00041,Vivaan Das,vivaan.das41@example.com,2024-05-07,REGULAR
C00042,Kavya Das,kavya.das42@example.com,2024-04-17,REGULAR
C00043,Riya Khan,riya.khan43@example.com,2024-03-24,PREMIUM
C00044,Arjun Gupta,arjun.gupta44@example.com,2023-12-19,VIP
C00045,Ananya Singh,ananya.singh45@example.com,2023-10-20,REGULAR
C00046,Arjun Reddy,arjun.reddy46@example.com,2024-06-08,REGULAR
C00047,Riya Das,riya.das47@example.com,2024-03-15,REGULAR
C00048,Aarav Verma,aarav.verma48@example.com,2023-07-14,REGULAR
C00049,Arjun Verma,arjun.verma49@example.com,2024-06-24,PREMIUM
C00050,Vivaan Das,vivaan.das50@example.com,2024-03-11,REGULAR
C00051,Kavya Reddy,kavya.reddy51@example.com,2023-10-08,REGULAR
C00052,Riya Nair,riya.nair52@example.com,2023-11-11,REGULAR
C00053,Kavya Khan,kavya.khan53@example.com,2024-04-04,REGULAR
C00054,Diya Iyer,diya.iyer54@example.com,2023-12-07,REGULAR
C00055,Aarav Verma,aarav.verma55@example.com,2024-06-09,REGULAR
C00056,Ananya Verma,ananya.verma56@example.com,2024-03-05,REGULAR
C00057,Meera Singh,meera.singh57@example.com,2024-04-30,REGULAR
C00058,Ishaan Singh,ishaan.singh58@example.com,2024-03-05,PREMIUM
C00059,Vivaan Singh,vivaan.singh59@example.com,2023-10-03,REGULAR
C00060,Meera Sharma,meera.sharma60@example.com,2024-05-24,PREMIUM
C00061,Arjun Patel,arjun.patel61@example.com,2023-12-15,REGULAR
C00062,Arjun Khan,arjun.khan62@example.com,2024-06-10,REGULAR
C00063,Aarav Khan,aarav.khan63@example.com,2024-02-26,PREMIUM
C00064,Kavya Gupta,kavya.gupta64@example.com,2023-12-07,REGULAR
C00065,Meera Singh,meera.singh65@example.com,2024-04-22,REGULAR
C00066,Arjun Sharma,arjun.sharma66@example.com,2023-09-18,PREMIUM
C00067,Aarav Iyer,aarav.iyer67@example.com,2024-06-11,REGULAR
C00068,Kavya Das,kavya.das68@example.com,2023-10-13,REGULAR
C00069,Meera Verma,meera.verma69@example.com,2024-04-06,REGULAR
C00070,Vivaan Reddy,vivaan.reddy70@example.com,2023-12-17,REGULAR
C00071,Riya Reddy,riya.reddy71@example.com,2023-09-18,REGULAR
C00072,Riya Verma,riya.verma72@example.com,2023-12-09,REGULAR
C00073,Riya Das,riya.das73@example.com,2024-01-31,VIP
C00074,Arjun Iyer,arjun.iyer74@example.com,2024-03-10,REGULAR
C00075,Aditya Gupta,aditya.gupta75@example.com,2023-11-19,REGULAR
C00076,Vivaan Sharma,vivaan.sharma76@example.com,2023-11-19,REGULAR
C00077,Riya Verma,riya.verma77@example.com,2024-06-03,REGULAR
C00078,Meera Gupta,meera.gupta78@example.com,2024-05-04,VIP
C00079,Vivaan Reddy,vivaan.reddy79@example.com,2024-01-03,REGULAR
C00080,Kavya Das,kavya.das80@example.com,2023-07-16,REGULAR
C00081,Meera Sharma,meera.sharma81@example.com,2023-08-04,PREMIUM
C00082,Ishaan Verma,ishaan.verma82@example.com,2024-05-03,REGULAR
C00083,Vivaan Das,vivaan.das83@example.com,2024-04-22,REGULAR
C00084,Riya Reddy,riya.reddy84@example.com,2024-01-17,REGULAR
C00085,Ishaan Das,ishaan.das85@example.com,2023-11-03,REGULAR
C00086,Aarav Verma,aarav.verma86@example.com,2023-08-21,REGULAR
C00087,Ishaan Sharma,ishaan.sharma87@example.com,2024-07-09,REGULAR
C00088,Aditya Gupta,aditya.gupta88@example.com,2024-04-19,PREMIUM
C00089,Meera Khan,meera.khan89@example.com,2023-09-27,REGULAR
C00090,Vivaan Patel,vivaan.patel90@example.com,2023-10-05,REGULAR
C00091,Ananya Nair,ananya.nair91@example.com,2023-10-02,REGULAR
C00092,Aditya Sharma,aditya.sharma92@example.com,2024-02-04,REGULAR
C00093,Aarav Iyer,aarav.iyer93@example.com,2024-03-25,REGULAR
C00094,Vivaan Iyer,vivaan.iyer94@example.com,2023-09-28,PREMIUM
C00095,Diya Nair,diya.nair95@example.com,2024-04-22,PREMIUM
C00096,Arjun Patel,arjun.patel96@example.com,2024-04-11,PREMIUM
C00097,Aarav Patel,aarav.patel97@example.com,2024-01-22,PREMIUM
C00098,Diya Reddy,diya.reddy98@example.com,2024-02-25,REGULAR
C00099,Vivaan Khan,vivaan.khan99@example.com,2024-06-21,PREMIUM
C00100,Arjun Reddy,arjun.reddy100@example.com,2023-11-18,REGULAR
C00101,Arjun Reddy,arjun.reddy101@example.com,2024-06-28,REGULAR
C00102,Diya Iyer,diya.iyer102@example.com,2024-02-19,PREMIUM
C00103,Ishaan Iyer,ishaan.iyer103@example.com,2023-08-17,REGULAR
C00104,Meera Iyer,meera.iyer104@example.com,2024-06-26,REGULAR
C00105,Ishaan Patel,ishaan.patel105@example.com,2023-09-17,VIP
C00106,Ishaan Sharma,ishaan.sharma106@example.com,2024-05-16,REGULAR
C00107,Ananya Iyer,ananya.iyer107@example.com,2023-11-30,REGULAR
C00108,Meera Verma,meera.verma108@example.com,2023-12-26,PREMIUM
C00109,Arjun Gupta,arjun.gupta109@example.com,2024-06-18,PREMIUM
C00110,Aarav Das,aarav.das110@example.com,2023-10-09,REGULAR
C00111,Arjun Iyer,arjun.iyer111@example.com,2023-12-03,REGULAR
C00112,Ananya Nair,ananya.nair112@example.com,2024-02-01,REGULAR
C00113,Vivaan Gupta,vivaan.gupta113@example.com,2023-10-25,REGULAR
C00114,Diya Iyer,diya.iyer114@example.com,2023-12-17,REGULAR
C00115,Meera Patel,meera.patel115@example.com,2024-04-03,REGULAR
C00116,Diya Patel,diya.patel116@example.com,2023-08-30,REGULAR
C00117,Diya Das,diya.das117@example.com,2024-07-10,REGULAR
C00118,Arjun Khan,arjun.khan118@example.com,2023-09-18,REGULAR
C00119,Ananya Singh,ananya.singh119@example.com,2023-11-27,REGULAR
C00120,Arjun Das,arjun.das120@example.com,2023-11-11,PREMIUM
C00121,Aditya Verma,aditya.verma121@example.com,2024-02-16,REGULAR
C00122,Riya Iyer,riya.iyer122@example.com,2024-05-24,PREMIUM
C00123,Arjun Gupta,arjun.gupta123@example.com,2024-03-17,PREMIUM
C00124,Aditya Sharma,aditya.sharma124@example.com,2024-06-17,REGULAR
C00125,Kavya Nair,kavya.nair125@example.com,2024-06-03,REGULAR
C00126,Riya Reddy,riya.reddy126@example.com,2023-07-20,REGULAR
C00127,Diya Reddy,diya.reddy127@example.com,2024-04-26,REGULAR
C00128,Aarav Verma,aarav.verma128@example.com,2023-12-06,REGULAR
C00129,Meera Singh,meera.singh129@example.com,2024-06-15,REGULAR
C00130,Vivaan Singh,vivaan.singh130@example.com,2024-05-03,PREMIUM
C00131,Meera Das,meera.das131@example.com,2023-09-10,REGULAR
C00132,Kavya Nair,kavya.nair132@example.com,2023-10-26,REGULAR
C00133,Meera Singh,meera.singh133@example.com,2024-04-20,PREMIUM
C00134,Kavya Singh,kavya.singh134@example.com,2024-02-29,PREMIUM
C00135,Ishaan Das,ishaan.das135@example.com,2023-11-05,REGULAR
C00136,Ishaan Singh,ishaan.singh136@example.com,2024-06-01,PREMIUM
C00137,Arjun Gupta,arjun.gupta137@example.com,2024-01-21,REGULAR
C00138,Meera Verma,meera.verma138@example.com,2024-05-01,REGULAR
C00139,Diya Patel,diya.patel139@example.com,2023-07-15,REGULAR
C00140,Diya Khan,diya.khan140@example.com,2024-01-23,REGULAR
C00141,Diya Sharma,diya.sharma141@example.com,2024-03-27,PREMIUM
C00142,Diya Nair,diya.nair142@example.com,2023-07-20,REGULAR
C00143,Riya Khan,riya.khan143@example.com,2023-11-09,REGULAR
C00144,Ananya Gupta,ananya.gupta144@example.com,2023-12-24,PREMIUM
C00145,Diya Das,diya.das145@example.com,2023-10-05,PREMIUM
C00146,Arjun Singh,arjun.singh146@example.com,2024-03-20,REGULAR
C00147,Kavya Sharma,kavya.sharma147@example.com,2023-12-24,REGULAR
C00148,Diya Patel,diya.patel148@example.com,2023-11-14,PREMIUM
C00149,Riya Das,riya.das149@example.com,2024-06-27,PREMIUM
C00150,Riya Nair,riya.nair150@example.com,2023-08-06,REGULAR
C00151,Diya Patel,diya.patel151@example.com,2023-11-17,REGULAR
C00152,Ishaan Khan,ishaan.khan152@example.com,2024-01-25,REGULAR
C00153,Ananya Iyer,ananya.iyer153@example.com,2023-12-29,REGULAR
C00154,Diya Gupta,diya.gupta154@example.com,2024-05-30,REGULAR
C00155,Meera Sharma,meera.sharma155@example.com,2024-01-13,REGULAR
C00156,Vivaan Sharma,vivaan.sharma156@example.com,2024-06-25,VIP
C00157,Arjun Sharma,arjun.sharma157@example.com,2023-08-27,REGULAR
C00158,Aditya Singh,aditya.singh158@example.com,2023-08-03,REGULAR
C00159,Arjun Singh,arjun.singh159@example.com,2023-07-18,REGULAR
C00160,Ananya Patel,ananya.patel160@example.com,2023-09-04,REGULAR
C00161,Vivaan Patel,vivaan.patel161@example.com,2024-02-02,REGULAR
C00162,Aarav Gupta,aarav.gupta162@example.com,2023-09-20,REGULAR
C00163,Diya Khan,diya.khan163@example.com,2024-03-31,REGULAR
C00164,Arjun Verma,arjun.verma164@example.com,2023-07-20,PREMIUM
C00165,Riya Verma,riya.verma165@example.com,2023-09-25,PREMIUM
C00166,Ananya Das,ananya.das166@example.com,2023-12-04,REGULAR
C00167,Vivaan Das,vivaan.das167@example.com,2023-08-14,REGULAR
C00168,Diya Singh,diya.singh168@example.com,2024-05-17,REGULAR
C00169,Ananya Singh,ananya.singh169@example.com,2023-07-14,REGULAR
C00170,Aditya Das,aditya.das170@example.com,2023-08-12,REGULAR
C00171,Meera Singh,meera.singh171@example.com,2023-11-15,REGULAR
C00172,Riya Gupta,riya.gupta172@example.com,2024-01-27,PREMIUM
C00173,Vivaan Gupta,vivaan.gupta173@example.com,2023-11-23,REGULAR
C00174,Kavya Nair,kavya.nair174@example.com,2023-09-02,REGULAR
C00175,Ananya Sharma,ananya.sharma175@example.com,2023-10-31,PREMIUM
C00176,Aditya Singh,aditya.singh176@example.com,2024-03-24,REGULAR
C00177,Ishaan Iyer,ishaan.iyer177@example.com,2024-02-18,PREMIUM
C00178,Ishaan Das,ishaan.das178@example.com,2024-07-05,REGULAR
C00179,Arjun Verma,arjun.verma179@example.com,2024-03-09,PREMIUM
C00180,Kavya Das,kavya.das180@example.com,2024-03-09,REGULAR
C00181,Kavya Singh,kavya.singh181@example.com,2024-07-02,REGULAR
C00182,Arjun Khan,arjun.khan182@example.com,2023-07-22,REGULAR
C00183,Riya Iyer,riya.iyer183@example.com,2023-11-11,REGULAR
C00184,Ananya Khan,ananya.khan184@example.com,2023-10-03,REGULAR
C00185,Kavya Gupta,kavya.gupta185@example.com,2024-02-05,REGULAR
C00186,Vivaan Reddy,vivaan.reddy186@example.com,2024-01-31,REGULAR
C00187,Meera Patel,meera.patel187@example.com,2024-04-03,REGULAR
C00188,Kavya Gupta,kavya.gupta188@example.com,2023-09-13,VIP
C00189,Meera Nair,meera.nair189@example.com,2024-02-17,VIP
C00190,Arjun Gupta,arjun.gupta190@example.com,2024-03-16,REGULAR
C00191,Ishaan Sharma,ishaan.sharma191@example.com,2023-07-14,REGULAR
C00192,Ishaan Sharma,ishaan.sharma192@example.com,2024-06-13,REGULAR
C00193,Aditya Singh,aditya.singh193@example.com,2024-05-19,PREMIUM
C00194,Riya Gupta,riya.gupta194@example.com,2023-11-13,REGULAR
C00195,Ananya Patel,ananya.patel195@example.com,2024-06-14,REGULAR
C00196,Kavya Verma,kavya.verma196@example.com,2024-06-07,REGULAR
C00197,Vivaan Nair,vivaan.nair197@example.com,2023-08-23,REGULAR
C00198,Aditya Patel,aditya.patel198@example.com,2023-09-26,VIP
C00199,Vivaan Reddy,vivaan.reddy199@example.com,2024-05-11,REGULAR
C00200,Diya Nair,diya.nair200@example.com,2023-09-09,PREMIUM
C00201,Arjun Das,arjun.das201@example.com,2023-12-29,REGULAR
C00202,Kavya Gupta,kavya.gupta202@example.com,2023-09-13,VIP
C00203,Ishaan Nair,ishaan.nair203@example.com,2023-08-28,REGULAR
C00204,Vivaan Reddy,vivaan.reddy204@example.com,2023-08-25,REGULAR
C00205,Vivaan Patel,vivaan.patel205@example.com,2024-03-10,REGULAR
C00206,Vivaan Patel,vivaan.patel206@example.com,2024-07-09,REGULAR
C00207,Riya Singh,riya.singh207@example.com,2024-02-12,REGULAR
C00208,Ishaan Gupta,ishaan.gupta208@example.com,2023-07-17,PREMIUM
C00209,Vivaan Reddy,vivaan.reddy209@example.com,2024-02-26,PREMIUM
C00210,Riya Reddy,riya.reddy210@example.com,2023-12-06,REGULAR
C00211,Arjun Patel,arjun.patel211@example.com,2024-02-25,PREMIUM
C00212,Vivaan Sharma,vivaan.sharma212@example.com,2024-04-17,PREMIUM
C00213,Riya Nair,riya.nair213@example.com,2024-02-14,REGULAR
C00214,Kavya Gupta,kavya.gupta214@example.com,2023-07-18,REGULAR
C00215,Ishaan Das,ishaan.das215@example.com,2023-10-08,REGULAR
C00216,Vivaan Nair,vivaan.nair216@example.com,2024-06-20,PREMIUM
C00217,Ananya Nair,ananya.nair217@example.com,2024-03-04,REGULAR
C00218,Arjun Nair,arjun.nair218@example.com,2023-09-14,VIP
C00219,Ishaan Nair,ishaan.nair219@example.com,2024-06-20,PREMIUM
C00220,Aditya Singh,aditya.singh220@example.com,2023-10-19,REGULAR
C00221,Ishaan Patel,ishaan.patel221@example.com,2023-09-15,REGULAR
C00222,Kavya Verma,kavya.verma222@example.com,2023-11-13,REGULAR
C00223,Ananya Iyer,ananya.iyer223@example.com,2023-08-02,REGULAR
C00224,Aditya Iyer,aditya.iyer224@example.com,2023-12-13,REGULAR
C00225,Ishaan Khan,ishaan.khan225@example.com,2023-10-03,REGULAR
C00226,Vivaan Iyer,vivaan.iyer226@example.com,2024-03-03,REGULAR
C00227,Diya Das,diya.das227@example.com,2024-07-10,REGULAR
C00228,Meera Singh,meera.singh228@example.com,2023-12-12,REGULAR
C00229,Meera Iyer,meera.iyer229@example.com,2023-08-27,PREMIUM
C00230,Kavya Sharma,kavya.sharma230@example.com,2024-03-28,REGULAR
C00231,Aditya Gupta,aditya.gupta231@example.com,2023-11-29,PREMIUM
C00232,Kavya Verma,kavya.verma232@example.com,2024-06-26,VIP
C00233,Riya Reddy,riya.reddy233@example.com,2023-07-13,REGULAR
C00234,Meera Sharma,meera.sharma234@example.com,2023-10-02,REGULAR
C00235,Arjun Verma,arjun.verma235@example.com,2023-11-17,VIP
C00236,Aditya Singh,aditya.singh236@example.com,2024-02-12,REGULAR
C00237,Ishaan Khan,ishaan.khan237@example.com,2023-11-06,VIP
C00238,Arjun Singh,arjun.singh238@example.com,2023-10-02,REGULAR
C00239,Arjun Nair,arjun.nair239@example.com,2023-10-24,PREMIUM
C00240,Aditya Verma,aditya.verma240@example.com,2024-02-20,PREMIUM
C00241,Diya Iyer,diya.iyer241@example.com,2023-10-25,REGULAR
C00242,Aarav Gupta,aarav.gupta242@example.com,2024-02-09,PREMIUM
C00243,Riya Singh,riya.singh243@example.com,2024-04-25,REGULAR
C00244,Kavya Iyer,kavya.iyer244@example.com,2024-01-22,REGULAR
C00245,Meera Khan,meera.khan245@example.com,2023-11-20,VIP
C00246,Arjun Reddy,arjun.reddy246@example.com,2023-09-22,REGULAR
C00247,Diya Sharma,diya.sharma247@example.com,2024-01-30,PREMIUM
C00248,Diya Khan,diya.khan248@example.com,2023-08-06,PREMIUM
C00249,Aditya Singh,aditya.singh249@example.com,2024-06-22,REGULAR
C00250,Riya Iyer,riya.iyer250@example.com,2024-05-20,PREMIUM
C00251,Kavya Verma,kavya.verma251@example.com,2023-10-15,PREMIUM
C00252,Aarav Patel,aarav.patel252@example.com,2023-12-14,PREMIUM
C00253,Aditya Verma,aditya.verma253@example.com,2023-11-13,PREMIUM
C00254,Ishaan Iyer,ishaan.iyer254@example.com,2023-08-26,REGULAR
C00255,Vivaan Iyer,vivaan.iyer255@example.com,2023-07-31,PREMIUM
C00256,Diya Iyer,diya.iyer256@example.com,2023-08-25,PREMIUM
C00257,Kavya Das,kavya.das257@example.com,2024-06-22,REGULAR
C00258,Arjun Gupta,arjun.gupta258@example.com,2024-03-16,PREMIUM
C00259,Diya Verma,diya.verma259@example.com,2023-08-21,PREMIUM
C00260,Vivaan Singh,vivaan.singh260@example.com,2024-04-16,REGULAR
C00261,Aarav Sharma,aarav.sharma261@example.com,2024-01-26,PREMIUM
C00262,Ishaan Iyer,ishaan.iyer262@example.com,2024-01-01,REGULAR
C00263,Arjun Das,arjun.das263@example.com,2023-12-13,REGULAR
C00264,Aditya Patel,aditya.patel264@example.com,2024-04-12,REGULAR
C00265,Diya Nair,diya.nair265@example.com,2023-07-27,REGULAR
C00266,Riya Patel,riya.patel266@example.com,2024-03-14,REGULAR
C00267,Ishaan Singh,ishaan.singh267@example.com,2024-03-02,REGULAR
C00268,Kavya Gupta,kavya.gupta268@example.com,2023-07-30,REGULAR
C00269,Vivaan Singh,vivaan.singh269@example.com,2024-01-16,VIP
C00270,Ishaan Khan,ishaan.khan270@example.com,2023-07-23,REGULAR
C00271,Ishaan Reddy,ishaan.reddy271@example.com,2023-12-27,PREMIUM
C00272,Vivaan Reddy,vivaan.reddy272@example.com,2023-12-28,REGULAR
C00273,Riya Gupta,riya.gupta273@example.com,2023-07-18,REGULAR
C00274,Diya Gupta,diya.gupta274@example.com,2024-07-06,REGULAR
C00275,Aarav Nair,aarav.nair275@example.com,2023-10-30,PREMIUM
C00276,Ishaan Reddy,ishaan.reddy276@example.com,2023-09-04,PREMIUM
C00277,Arjun Reddy,arjun.reddy277@example.com,2023-08-28,REGULAR
C00278,Aditya Verma,aditya.verma278@example.com,2023-08-24,REGULAR
C00279,Ishaan Singh,ishaan.singh279@example.com,2024-06-23,REGULAR
C00280,Aditya Verma,aditya.verma280@example.com,2024-02-10,REGULAR
C00281,Diya Patel,diya.patel281@example.com,2024-03-30,REGULAR
C00282,Meera Iyer,meera.iyer282@example.com,2023-10-13,REGULAR
C00283,Ishaan Patel,ishaan.patel283@example.com,2024-03-01,PREMIUM
C00284,Kavya Gupta,kavya.gupta284@example.com,2024-01-19,PREMIUM
C00285,Kavya Verma,kavya.verma285@example.com,2024-04-29,PREMIUM
C00286,Arjun Khan,arjun.khan286@example.com,2023-09-29,REGULAR
C00287,Diya Sharma,diya.sharma287@example.com,2024-02-26,REGULAR
C00288,Kavya Iyer,kavya.iyer288@example.com,2023-08-01,PREMIUM
C00289,Ishaan Nair,ishaan.nair289@example.com,2023-12-28,PREMIUM
C00290,Ananya Verma,ananya.verma290@example.com,2023-07-31,REGULAR
C00291,Aarav Nair,aarav.nair291@example.com,2023-09-27,REGULAR
C00292,Riya Reddy,riya.reddy292@example.com,2023-08-14,REGULAR
C00293,Kavya Gupta,kavya.gupta293@example.com,2023-08-13,REGULAR
C00294,Aditya Sharma,aditya.sharma294@example.com,2024-06-21,REGULAR
C00295,Kavya Verma,kavya.verma295@example.com,2024-05-22,REGULAR
C00296,Meera Patel,meera.patel296@example.com,2023-12-25,REGULAR
C00297,Meera Khan,meera.khan297@example.com,2023-09-14,PREMIUM
C00298,Aditya Khan,aditya.khan298@example.com,2023-08-10,REGULAR
C00299,Kavya Nair,kavya.nair299@example.com,2023-12-15,VIP
C00300,Ishaan Sharma,ishaan.sharma300@example.com,2023-07-23,REGULAR
C00301,Kavya Singh,kavya.singh301@example.com,2024-03-12,PREMIUM
C00302,Vivaan Iyer,vivaan.iyer302@example.com,2023-10-06,PREMIUM
C00303,Ananya Sharma,ananya.sharma303@example.com,2023-12-20,REGULAR
C00304,Vivaan Singh,vivaan.singh304@example.com,2024-05-25,REGULAR
C00305,Riya Sharma,riya.sharma305@example.com,2024-06-15,PREMIUM
C00306,Arjun Patel,arjun.patel306@example.com,2023-09-25,REGULAR
C00307,Meera Reddy,meera.reddy307@example.com,2023-09-14,REGULAR
C00308,Arjun Iyer,arjun.iyer308@example.com,2024-04-26,PREMIUM
C00309,Riya Sharma,riya.sharma309@example.com,2024-02-20,PREMIUM
C00310,Aditya Patel,aditya.patel310@example.com,2023-10-08,REGULAR
C00311,Aditya Verma,aditya.verma311@example.com,2023-08-07,PREMIUM
C00312,Aditya Sharma,aditya.sharma312@example.com,2024-01-09,PREMIUM
C00313,Arjun Nair,arjun.nair313@example.com,2024-01-27,REGULAR
C00314,Ishaan Sharma,ishaan.sharma314@example.com,2024-05-07,PREMIUM
C00315,Meera Verma,meera.verma315@example.com,2024-06-08,REGULAR
C00316,Ananya Das,ananya.das316@example.com,2023-09-11,REGULAR
C00317,Meera Reddy,meera.reddy317@example.com,2023-08-31,REGULAR
C00318,Meera Gupta,meera.gupta318@example.com,2023-11-19,REGULAR
C00319,Aarav Sharma,aarav.sharma319@example.com,2023-11-08,PREMIUM
C00320,Diya Verma,diya.verma320@example.com,2023-11-02,PREMIUM
C00321,Kavya Verma,kavya.verma321@example.com,2024-05-30,REGULAR
C00322,Aditya Verma,aditya.verma322@example.com,2024-05-07,REGULAR
C00323,Riya Das,riya.das323@example.com,2023-07-12,REGULAR
C00324,Riya Das,riya.das324@example.com,2024-02-11,REGULAR
C00325,Riya Khan,riya.khan325@example.com,2024-05-21,PREMIUM
C00326,Vivaan Das,vivaan.das326@example.com,2024-03-22,REGULAR
C00327,Arjun Khan,arjun.khan327@example.com,2024-01-19,PREMIUM
C00328,Diya Khan,diya.khan328@example.com,2024-05-23,REGULAR
C00329,Ananya Gupta,ananya.gupta329@example.com,2024-01-01,VIP
C00330,Kavya Verma,kavya.verma330@example.com,2024-05-25,PREMIUM
C00331,Vivaan Khan,vivaan.khan331@example.com,2024-05-22,PREMIUM
C00332,Ananya Patel,ananya.patel332@example.com,2023-09-30,REGULAR
C00333,Meera Das,meera.das333@example.com,2024-01-24,REGULAR
C00334,Diya Iyer,diya.iyer334@example.com,2023-08-05,VIP
C00335,Diya Sharma,diya.sharma335@example.com,2024-02-14,REGULAR
C00336,Ananya Verma,ananya.verma336@example.com,2023-09-19,REGULAR
C00337,Aditya Singh,aditya.singh337@example.com,2024-03-18,PREMIUM
C00338,Ananya Das,ananya.das338@example.com,2024-01-04,REGULAR
C00339,Ishaan Nair,ishaan.nair339@example.com,2024-03-17,PREMIUM
C00340,Meera Nair,meera.nair340@example.com,2023-08-31,REGULAR
C00341,Meera Sharma,meera.sharma341@example.com,2023-09-03,PREMIUM
C00342,Ishaan Sharma,ishaan.sharma342@example.com,2024-04-09,REGULAR
C00343,Ishaan Iyer,ishaan.iyer343@example.com,2024-01-13,REGULAR
C00344,Aditya Nair,aditya.nair344@example.com,2023-08-09,REGULAR
C00345,Aditya Sharma,aditya.sharma345@example.com,2024-05-25,PREMIUM
C00346,Arjun Khan,arjun.khan346@example.com,2023-12-09,REGULAR
C00347,Aditya Iyer,aditya.iyer347@example.com,2024-02-02,PREMIUM
C00348,Riya Nair,riya.nair348@example.com,2024-05-28,PREMIUM
C00349,Aditya Patel,aditya.patel349@example.com,2023-08-29,REGULAR
C00350,Vivaan Gupta,vivaan.gupta350@example.com,2023-11-27,REGULAR
C00351,Kavya Nair,kavya.nair351@example.com,2023-11-27,REGULAR
C00352,Arjun Das,arjun.das352@example.com,2024-05-13,REGULAR
C00353,Vivaan Gupta,vivaan.gupta353@example.com,2023-07-29,REGULAR
C00354,Kavya Das,kavya.das354@example.com,2023-08-04,REGULAR
C00355,Arjun Khan,arjun.khan355@example.com,2023-09-08,REGULAR
C00356,Arjun Gupta,arjun.gupta356@example.com,2024-03-24,PREMIUM
C00357,Ishaan Gupta,ishaan.gupta357@example.com,2024-01-25,REGULAR
C00358,Kavya Khan,kavya.khan358@example.com,2024-04-12,REGULAR
C00359,Meera Reddy,meera.reddy359@example.com,2023-10-28,REGULAR
C00360,Ananya Verma,ananya.verma360@example.com,2023-12-20,PREMIUM
C00361,Aarav Khan,aarav.khan361@example.com,2024-07-01,REGULAR
C00362,Vivaan Iyer,vivaan.iyer362@example.com,2023-09-20,REGULAR
C00363,Diya Khan,diya.khan363@example.com,2024-02-13,REGULAR
C00364,Aarav Iyer,aarav.iyer364@example.com,2024-04-14,PREMIUM
C00365,Riya Singh,riya.singh365@example.com,2023-07-23,PREMIUM
C00366,Vivaan Khan,vivaan.khan366@example.com,2024-05-17,REGULAR
C00367,Riya Khan,riya.khan367@example.com,2023-10-16,REGULAR
C00368,Ishaan Iyer,ishaan.iyer368@example.com,2024-03-19,REGULAR
C00369,Aditya Verma,aditya.verma369@example.com,2023-10-23,REGULAR
C00370,Meera Das,meera.das370@example.com,2024-04-02,PREMIUM
C00371,Ananya Iyer,ananya.iyer371@example.com,2023-08-15,PREMIUM
C00372,Arjun Verma,arjun.verma372@example.com,2024-04-27,REGULAR
C00373,Aditya Nair,aditya.nair373@example.com,2024-04-23,PREMIUM
C00374,Vivaan Patel,vivaan.patel374@example.com,2023-08-24,REGULAR
C00375,Riya Nair,riya.nair375@example.com,2023-11-24,REGULAR
C00376,Riya Nair,riya.nair376@example.com,2024-01-27,PREMIUM
C00377,Ananya Patel,ananya.patel377@example.com,2023-11-28,REGULAR
C00378,Kavya Gupta,kavya.gupta378@example.com,2024-02-21,REGULAR
C00379,Ananya Das,ananya.das379@example.com,2024-06-03,REGULAR
C00380,Kavya Sharma,kavya.sharma380@example.com,2024-06-11,REGULAR
C00381,Ishaan Verma,ishaan.verma381@example.com,2023-08-15,PREMIUM
C00382,Vivaan Nair,vivaan.nair382@example.com,2023-09-10,REGULAR
C00383,Kavya Nair,kavya.nair383@example.com,2023-10-01,VIP
C00384,Aarav Singh,aarav.singh384@example.com,2023-09-22,REGULAR
C00385,Ananya Nair,ananya.nair385@example.com,2023-11-10,REGULAR
C00386,Aarav Singh,aarav.singh386@example.com,2024-05-19,PREMIUM
C00387,Ananya Verma,ananya.verma387@example.com,2023-10-26,REGULAR
C00388,Aarav Reddy,aarav.reddy388@example.com,2023-07-14,REGULAR
C00389,Kavya Das,kavya.das389@example.com,2023-10-17,REGULAR
C00390,Ananya Iyer,ananya.iyer390@example.com,2024-02-17,REGULAR
C00391,Ananya Nair,ananya.nair391@example.com,2024-06-14,PREMIUM
C00392,Ananya Verma,ananya.verma392@example.com,2024-01-24,REGULAR
C00393,Diya Gupta,diya.gupta393@example.com,2024-03-03,PREMIUM
C00394,Riya Patel,riya.patel394@example.com,2024-01-22,REGULAR
C00395,Aditya Iyer,aditya.iyer395@example.com,2024-02-03,VIP
C00396,Diya Patel,diya.patel396@example.com,2023-09-10,PREMIUM
C00397,Vivaan Gupta,vivaan.gupta397@example.com,2023-09-28,REGULAR
C00398,Ananya Patel,ananya.patel398@example.com,2023-08-02,PREMIUM
C00399,Meera Verma,meera.verma399@example.com,2023-08-15,REGULAR
C00400,Meera Iyer,meera.iyer400@example.com,2024-07-01,REGULAR
C00401,Aditya Reddy,aditya.reddy401@example.com,2024-01-18,VIP
C00402,Kavya Reddy,kavya.reddy402@example.com,2024-03-17,VIP
C00403,Aditya Verma,aditya.verma403@example.com,2024-02-10,PREMIUM
C00404,Vivaan Das,vivaan.das404@example.com,2023-10-08,PREMIUM
C00405,Meera Sharma,meera.sharma405@example.com,2023-08-07,REGULAR
C00406,Riya Patel,riya.patel406@example.com,2023-09-09,REGULAR
C00407,Aditya Patel,aditya.patel407@example.com,2023-07-22,PREMIUM
C00408,Aditya Singh,aditya.singh408@example.com,2024-06-18,REGULAR
C00409,Arjun Singh,arjun.singh409@example.com,2023-09-02,REGULAR
C00410,Kavya Reddy,kavya.reddy410@example.com,2023-10-11,REGULAR
C00411,Kavya Reddy,kavya.reddy411@example.com,2024-01-04,REGULAR
C00412,Riya Singh,riya.singh412@example.com,2023-11-17,PREMIUM
C00413,Diya Das,diya.das413@example.com,2023-10-14,REGULAR
C00414,Aditya Reddy,aditya.reddy414@example.com,2023-09-05,REGULAR
C00415,Ishaan Sharma,ishaan.sharma415@example.com,2023-08-17,REGULAR
C00416,Ananya Das,ananya.das416@example.com,2024-05-19,PREMIUM
C00417,Meera Verma,meera.verma417@example.com,2024-02-16,REGULAR
C00418,Aditya Gupta,aditya.gupta418@example.com,2023-11-23,PREMIUM
C00419,Aditya Khan,aditya.khan419@example.com,2024-05-25,VIP
C00420,Arjun Singh,arjun.singh420@example.com,2024-01-14,VIP
C00421,Diya Sharma,diya.sharma421@example.com,2023-12-21,REGULAR
C00422,Arjun Khan,arjun.khan422@example.com,2024-05-30,REGULAR
C00423,Aarav Iyer,aarav.iyer423@example.com,2024-05-21,PREMIUM
C00424,Ananya Patel,ananya.patel424@example.com,2024-05-01,REGULAR
C00425,Kavya Patel,kavya.patel425@example.com,2023-07-15,REGULAR
C00426,Riya Sharma,riya.sharma426@example.com,2024-05-31,REGULAR
C00427,Arjun Patel,arjun.patel427@example.com,2023-10-04,VIP
C00428,Riya Das,riya.das428@example.com,2023-12-07,REGULAR
C00429,Ishaan Reddy,ishaan.reddy429@example.com,2024-02-07,REGULAR
C00430,Arjun Khan,arjun.khan430@example.com,2023-08-18,PREMIUM
C00431,Kavya Verma,kavya.verma431@example.com,2024-05-15,PREMIUM
C00432,Kavya Nair,kavya.nair432@example.com,2023-10-10,REGULAR
C00433,Meera Nair,meera.nair433@example.com,2024-03-09,PREMIUM
C00434,Ishaan Khan,ishaan.khan434@example.com,2024-07-10,REGULAR
C00435,Arjun Nair,arjun.nair435@example.com,2023-12-10,REGULAR
C00436,Vivaan Das,vivaan.das436@example.com,2024-01-08,REGULAR
C00437,Meera Das,meera.das437@example.com,2023-10-25,PREMIUM
C00438,Meera Das,meera.das438@example.com,2024-06-30,REGULAR
C00439,Kavya Sharma,kavya.sharma439@example.com,2023-08-20,REGULAR
C00440,Ananya Gupta,ananya.gupta440@example.com,2024-07-02,REGULAR
C00441,Vivaan Iyer,vivaan.iyer441@example.com,2024-03-09,PREMIUM
C00442,Vivaan Nair,vivaan.nair442@example.com,2024-01-22,REGULAR
C00443,Ananya Das,ananya.das443@example.com,2024-01-19,PREMIUM
C00444,Aditya Singh,aditya.singh444@example.com,2023-07-20,REGULAR
C00445,Aditya Patel,aditya.patel445@example.com,2024-06-08,PREMIUM
C00446,Kavya Sharma,kavya.sharma446@example.com,2024-02-11,REGULAR
C00447,Arjun Sharma,arjun.sharma447@example.com,2024-01-31,VIP
C00448,Meera Khan,meera.khan448@example.com,2023-10-06,REGULAR
C00449,Aarav Reddy,aarav.reddy449@example.com,2024-02-15,REGULAR
C00450,Aarav Iyer,aarav.iyer450@example.com,2024-02-22,REGULAR
C00451,Ananya Khan,ananya.khan451@example.com,2023-12-19,PREMIUM
C00452,Diya Iyer,diya.iyer452@example.com,2024-04-06,REGULAR
C00453,Kavya Iyer,kavya.iyer453@example.com,2023-10-19,REGULAR
C00454,Vivaan Khan,vivaan.khan454@example.com,2024-05-31,REGULAR
C00455,Aditya Das,aditya.das455@example.com,2024-02-11,REGULAR
C00456,Vivaan Iyer,vivaan.iyer456@example.com,2023-08-07,REGULAR
C00457,Kavya Nair,kavya.nair457@example.com,2023-12-05,REGULAR
C00458,Kavya Iyer,kavya.iyer458@example.com,2023-11-25,REGULAR
C00459,Ananya Nair,ananya.nair459@example.com,2023-12-01,REGULAR
C00460,Aarav Verma,aarav.verma460@example.com,2023-08-02,REGULAR
C00461,Ananya Das,ananya.das461@example.com,2023-07-29,REGULAR
C00462,Aarav Patel,aarav.patel462@example.com,2023-09-03,REGULAR
C00463,Kavya Sharma,kavya.sharma463@example.com,2024-05-07,REGULAR
C00464,Ananya Iyer,ananya.iyer464@example.com,2023-12-27,VIP
C00465,Aarav Nair,aarav.nair465@example.com,2024-04-23,REGULAR
C00466,Ananya Iyer,ananya.iyer466@example.com,2023-11-26,PREMIUM
C00467,Riya Patel,riya.patel467@example.com,2023-10-13,REGULAR
C00468,Ananya Gupta,ananya.gupta468@example.com,2024-03-05,VIP
C00469,Aarav Patel,aarav.patel469@example.com,2023-10-29,REGULAR
C00470,Meera Verma,meera.verma470@example.com,2024-02-27,PREMIUM
C00471,Kavya Reddy,kavya.reddy471@example.com,2023-09-01,REGULAR
C00472,Kavya Reddy,kavya.reddy472@example.com,2024-05-09,REGULAR
C00473,Vivaan Singh,vivaan.singh473@example.com,2024-04-13,PREMIUM
C00474,Kavya Verma,kavya.verma474@example.com,2023-07-27,VIP
C00475,Ananya Iyer,ananya.iyer475@example.com,2023-07-13,REGULAR
C00476,Meera Gupta,meera.gupta476@example.com,2024-02-08,PREMIUM
C00477,Aditya Iyer,aditya.iyer477@example.com,2023-10-24,REGULAR
C00478,Arjun Patel,arjun.patel478@example.com,2024-03-11,PREMIUM
C00479,Aarav Iyer,aarav.iyer479@example.com,2023-10-01,REGULAR
C00480,Kavya Das,kavya.das480@example.com,2024-05-05,REGULAR
C00481,Vivaan Verma,vivaan.verma481@example.com,2024-02-03,REGULAR
C00482,Kavya Das,kavya.das482@example.com,2023-12-13,PREMIUM
C00483,Riya Verma,riya.verma483@example.com,2024-05-07,VIP
C00484,Vivaan Singh,vivaan.singh484@example.com,2023-11-15,REGULAR
C00485,Ananya Patel,ananya.patel485@example.com,2023-10-02,REGULAR
C00486,Aditya Patel,aditya.patel486@example.com,2023-12-02,REGULAR
C00487,Aarav Verma,aarav.verma487@example.com,2023-10-19,REGULAR
C00488,Aditya Patel,aditya.patel488@example.com,2024-01-27,VIP
C00489,Arjun Iyer,arjun.iyer489@example.com,2023-10-19,PREMIUM
C00490,Vivaan Gupta,vivaan.gupta490@example.com,2024-04-01,REGULAR
C00491,Meera Gupta,meera.gupta491@example.com,2024-05-07,REGULAR
C00492,Riya Das,riya.das492@example.com,2024-05-24,REGULAR
C00493,Aditya Nair,aditya.nair493@example.com,2023-09-17,REGULAR
C00494,Riya Nair,riya.nair494@example.com,2024-01-20,PREMIUM
C00495,Riya Sharma,riya.sharma495@example.com,2024-06-26,REGULAR
C00496,Riya Gupta,riya.gupta496@example.com,2023-08-12,REGULAR
C00497,Riya Khan,riya.khan497@example.com,2023-08-29,REGULAR
C00498,Kavya Das,kavya.das498@example.com,2024-02-13,REGULAR
C00499,Ishaan Singh,ishaan.singh499@example.com,2024-03-07,PREMIUM
C00500,Diya Gupta,diya.gupta500@example.com,2023-11-21,REGULAR
C00501,Aarav Patel,aarav.patel501@example.com,2023-11-28,REGULAR
C00502,Kavya Reddy,kavya.reddy502@example.com,2024-01-18,REGULAR
C00503,Ananya Iyer,ananya.iyer503@example.com,2024-01-16,VIP
C00504,Aditya Iyer,aditya.iyer504@example.com,2023-10-21,REGULAR
C00505,Ananya Reddy,ananya.reddy505@example.com,2023-11-15,REGULAR
C00506,Kavya Reddy,kavya.reddy506@example.com,2024-04-29,REGULAR
C00507,Ishaan Khan,ishaan.khan507@example.com,2023-08-30,REGULAR
C00508,Aditya Iyer,aditya.iyer508@example.com,2023-09-19,PREMIUM
C00509,Arjun Patel,arjun.patel509@example.com,2023-10-29,VIP
C00510,Kavya Singh,kavya.singh510@example.com,2024-02-04,REGULAR
C00511,Vivaan Khan,vivaan.khan511@example.com,2023-10-26,REGULAR
C00512,Arjun Reddy,arjun.reddy512@example.com,2023-09-16,REGULAR
C00513,Aarav Gupta,aarav.gupta513@example.com,2023-10-31,REGULAR
C00514,Kavya Gupta,kavya.gupta514@example.com,2023-10-10,REGULAR
C00515,Vivaan Khan,vivaan.khan515@example.com,2024-05-03,PREMIUM
C00516,Ananya Khan,ananya.khan516@example.com,2024-01-05,REGULAR
C00517,Aarav Nair,aarav.nair517@example.com,2023-09-27,REGULAR
C00518,Meera Gupta,meera.gupta518@example.com,2024-06-03,REGULAR
C00519,Kavya Das,kavya.das519@example.com,2024-02-18,PREMIUM
C00520,Riya Nair,riya.nair520@example.com,2024-05-11,REGULAR
C00521,Vivaan Khan,vivaan.khan521@example.com,2024-01-01,PREMIUM
C00522,Ananya Das,ananya.das522@example.com,2024-01-05,PREMIUM
C00523,Arjun Nair,arjun.nair523@example.com,2023-10-24,REGULAR
C00524,Aarav Sharma,aarav.sharma524@example.com,2024-06-21,REGULAR
C00525,Ananya Singh,ananya.singh525@example.com,2023-10-19,REGULAR
C00526,Riya Das,riya.das526@example.com,2024-04-30,REGULAR
C00527,Riya Iyer,riya.iyer527@example.com,2024-04-18,REGULAR
C00528,Riya Gupta,riya.gupta528@example.com,2023-09-11,REGULAR
C00529,Meera Das,meera.das529@example.com,2023-11-03,PREMIUM
C00530,Ishaan Singh,ishaan.singh530@example.com,2024-07-02,REGULAR
C00531,Vivaan Khan,vivaan.khan531@example.com,2023-09-16,REGULAR
C00532,Aarav Nair,aarav.nair532@example.com,2023-11-11,REGULAR
C00533,Riya Nair,riya.nair533@example.com,2024-03-16,PREMIUM
C00534,Riya Singh,riya.singh534@example.com,2024-04-14,REGULAR
C00535,Riya Khan,riya.khan535@example.com,2024-04-26,PREMIUM
C00536,Arjun Sharma,arjun.sharma536@example.com,2023-09-21,VIP
C00537,Vivaan Reddy,vivaan.reddy537@example.com,2024-07-01,REGULAR
C00538,Diya Patel,diya.patel538@example.com,2023-12-12,REGULAR
C00539,Diya Das,diya.das539@example.com,2023-09-01,PREMIUM
C00540,Aarav Patel,aarav.patel540@example.com,2023-10-19,REGULAR
C00541,Ananya Singh,ananya.singh541@example.com,2023-10-15,REGULAR
C00542,Aditya Singh,aditya.singh542@example.com,2023-10-12,REGULAR
C00543,Ananya Gupta,ananya.gupta543@example.com,2023-09-02,REGULAR
C00544,Arjun Gupta,arjun.gupta544@example.com,2023-09-29,REGULAR
C00545,Ishaan Gupta,ishaan.gupta545@example.com,2023-07-16,REGULAR
C00546,Kavya Iyer,kavya.iyer546@example.com,2023-11-08,REGULAR
C00547,Ishaan Gupta,ishaan.gupta547@example.com,2024-05-09,REGULAR
C00548,Meera Khan,meera.khan548@example.com,2023-12-21,PREMIUM
C00549,Aditya Gupta,aditya.gupta549@example.com,2024-06-19,REGULAR
C00550,Vivaan Iyer,vivaan.iyer550@example.com,2023-11-27,REGULAR
C00551,Kavya Reddy,kavya.reddy551@example.com,2024-03-29,PREMIUM
C00552,Ishaan Das,ishaan.das552@example.com,2023-07-20,REGULAR
C00553,Vivaan Nair,vivaan.nair553@example.com,2023-09-14,REGULAR
C00554,Aarav Das,aarav.das554@example.com,2024-03-17,REGULAR
C00555,Aarav Verma,aarav.verma555@example.com,2023-12-12,REGULAR
C00556,Kavya Verma,kavya.verma556@example.com,2023-07-28,PREMIUM
C00557,Aarav Das,aarav.das557@example.com,2024-04-21,REGULAR
C00558,Kavya Singh,kavya.singh558@example.com,2023-08-12,REGULAR
C00559,Ishaan Iyer,ishaan.iyer559@example.com,2024-02-15,REGULAR
C00560,Vivaan Nair,vivaan.nair560@example.com,2024-03-14,REGULAR
C00561,Aarav Patel,aarav.patel561@example.com,2023-12-10,PREMIUM
C00562,Aditya Sharma,aditya.sharma562@example.com,2023-12-20,PREMIUM
C00563,Aditya Gupta,aditya.gupta563@example.com,2024-06-21,REGULAR
C00564,Riya Nair,riya.nair564@example.com,2024-05-17,PREMIUM
C00565,Ananya Gupta,ananya.gupta565@example.com,2023-11-21,VIP
C00566,Meera Das,meera.das566@example.com,2023-11-01,PREMIUM
C00567,Aditya Das,aditya.das567@example.com,2023-11-14,REGULAR
C00568,Vivaan Iyer,vivaan.iyer568@example.com,2024-04-18,PREMIUM
C00569,Ishaan Patel,ishaan.patel569@example.com,2024-07-03,PREMIUM
C00570,Ishaan Nair,ishaan.nair570@example.com,2023-07-31,PREMIUM
C00571,Aditya Nair,aditya.nair571@example.com,2023-08-18,PREMIUM
C00572,Diya Das,diya.das572@example.com,2024-01-25,REGULAR
C00573,Vivaan Patel,vivaan.patel573@example.com,2024-04-30,REGULAR
C00574,Arjun Sharma,arjun.sharma574@example.com,2024-02-28,REGULAR
C00575,Kavya Gupta,kavya.gupta575@example.com,2024-01-24,REGULAR
C00576,Riya Sharma,riya.sharma576@example.com,2024-02-28,REGULAR
C00577,Arjun Sharma,arjun.sharma577@example.com,2023-08-04,REGULAR
C00578,Ishaan Patel,ishaan.patel578@example.com,2023-12-16,REGULAR
C00579,Ishaan Verma,ishaan.verma579@example.com,2023-08-18,PREMIUM
C00580,Ishaan Iyer,ishaan.iyer580@example.com,2023-08-31,REGULAR
C00581,Aditya Singh,aditya.singh581@example.com,2024-04-23,REGULAR
C00582,Riya Iyer,riya.iyer582@example.com,2023-12-11,PREMIUM
C00583,Kavya Das,kavya.das583@example.com,2023-08-05,PREMIUM
C00584,Arjun Nair,arjun.nair584@example.com,2024-05-30,REGULAR
C00585,Meera Iyer,meera.iyer585@example.com,2024-06-01,PREMIUM
C00586,Vivaan Sharma,vivaan.sharma586@example.com,2023-10-04,PREMIUM
C00587,Arjun Nair,arjun.nair587@example.com,2023-10-10,REGULAR
C00588,Ananya Das,ananya.das588@example.com,2023-11-27,REGULAR
C00589,Arjun Nair,arjun.nair589@example.com,2023-11-03,REGULAR
C00590,Meera Singh,meera.singh590@example.com,2024-06-12,REGULAR
C00591,Meera Khan,meera.khan591@example.com,2023-11-20,REGULAR
C00592,Meera Singh,meera.singh592@example.com,2023-08-01,PREMIUM
C00593,Aarav Khan,aarav.khan593@example.com,2024-03-02,PREMIUM
C00594,Arjun Nair,arjun.nair594@example.com,2024-06-03,REGULAR
C00595,Ananya Verma,ananya.verma595@example.com,2023-10-07,VIP
C00596,Vivaan Singh,vivaan.singh596@example.com,2024-06-24,REGULAR
C00597,Aditya Patel,aditya.patel597@example.com,2023-08-17,VIP
C00598,Diya Iyer,diya.iyer598@example.com,2023-12-28,REGULAR
C00599,Diya Khan,diya.khan599@example.com,2024-05-30,REGULAR
C00600,Meera Patel,meera.patel600@example.com,2023-08-11,PREMIUM
