order_id,customer_id,order_date,status,region_code
O000001,,2026-07-26 23:55:34,RETURNED,CENTRAL
O000002,,2025-08-15 20:31:20,PLACED,CENTRAL
O000003,,2025-06-01 22:07:13,DELIVERED,CENTRAL
O000004,,2024-10-25 17:55:34,SHIPPED,NORTH
O000005,,2025-03-11 12:29:16,RETURNED,SOUTH
O000006,,2026-04-23 03:05:28,DELIVERED,EAST
O000007,,2025-10-11 00:16:32,DELIVERED,SOUTH
O000008,,2026-06-20 02:19:44,DELIVERED,NORTH
O000009,,2026-07-17 23:54:26,PLACED,WEST
O000010,,2026-07-31 15:08:23,RETURNED,WEST
O000011,,2025-11-27 13:38:57,DELIVERED,WEST
O000012,,2024-10-22 17:19:06,DELIVERED,CENTRAL
O000013,,2026-05-08 08:04:26,SHIPPED,NORTH
O000014,,2024-08-14 10:35:53,PLACED,EAST
O000015,,2024-10-26 02:33:44,DELIVERED,WEST
O000016,,2024-12-22 02:35:29,DELIVERED,NORTH
O000017,,2025-06-22 21:29:19,RETURNED,WEST
O000018,,2026-07-02 00:59:21,DELIVERED,SOUTH
O000019,,2026-03-24 15:40:10,SHIPPED,NORTH
O000020,,2025-06-15 07:20:40,RETURNED,WEST
O000021,,2026-06-24 20:02:07,DELIVERED,CENTRAL
O000022,,2025-04-08 10:06:38,DELIVERED,NORTH
O000023,,2024-08-30 14:09:57,DELIVERED,WEST
O000024,,2024-12-15 01:50:43,DELIVERED,WEST
O000025,,2024-10-08 10:35:06,DELIVERED,CENTRAL
O000026,,2025-11-14 07:07:50,SHIPPED,SOUTH
O000027,,2025-01-01 23:05:47,DELIVERED,NORTH
O000028,,2025-11-07 04:03:58,DELIVERED,WEST
O000029,,2025-11-05 17:40:05,CANCELLED,EAST
O000030,,2024-10-12 23:13:49,DELIVERED,SOUTH
O000031,,2025-07-25 13:44:55,DELIVERED,WEST
O000032,,2024-08-25 09:26:49,DELIVERED,EAST
O000033,,2025-02-27 09:38:19,DELIVERED,SOUTH
O000034,,2026-06-24 03:22:54,SHIPPED,EAST
O000035,,2026-01-16 14:56:01,RETURNED,CENTRAL
O000036,,2025-02-28 20:01:00,PLACED,WEST
O000037,,2025-12-28 15:06:09,RETURNED,WEST
O000038,,2026-02-17 08:26:25,DELIVERED,NORTH
O000039,,2025-08-19 01:07:30,DELIVERED,CENTRAL
O000040,,2026-02-16 22:26:39,SHIPPED,WEST
O000041,,2025-01-04 05:56:49,RETURNED,SOUTH
O000042,,2024-11-17 01:24:52,DELIVERED,WEST
O000043,,2025-02-02 22:41:50,SHIPPED,CENTRAL
O000044,,2025-04-01 11:30:09,CANCELLED,NORTH
O000045,,2024-10-08 13:59:27,DELIVERED,CENTRAL
O000046,,2025-06-09 09:55:01,DELIVERED,NORTH
O000047,,28-06-2026 22:32:44,DELIVERED,WEST
O000048,,2024-11-03 14:57:00,SHIPPED,CENTRAL
O000049,,2026-03-05 21:04:31,DELIVERED,NORTH
O000050,,2024-10-27 20:20:51,DELIVERED,EAST
O000051,,2026-01-10 12:22:50,CANCELLED,EAST
O000052,,2025-08-07 23:42:03,DELIVERED,CENTRAL
O000053,,2025-11-07 01:13:29,SHIPPED,WEST
O000054,,2024-12-05 22:22:13,DELIVERED,WEST
O000055,,2024-08-19 14:16:16,CANCELLED,EAST
O000056,,2026-06-18 08:30:38,PLACED,WEST
O000057,,2025-04-12 13:25:15,PLACED,EAST
O000058,,2025-05-25 10:04:04,DELIVERED,NORTH
O000059,,2025-03-01 04:45:13,DELIVERED,WEST
O000060,,2025-06-04 09:40:12,DELIVERED,CENTRAL
O000061,,2026-05-03 03:06:42,SHIPPED,SOUTH
O000062,,2025-08-31 17:29:58,DELIVERED,EAST
O000063,,2024-09-06 18:37:16,DELIVERED,NORTH
O000064,,2025-05-25 18:18:45,DELIVERED,CENTRAL
O000065,,2026-02-13 00:54:53,SHIPPED,SOUTH
O000066,,2024-09-08 08:56:40,PLACED,NORTH
O000067,,2025-07-15 07:06:36,DELIVERED,WEST
O000068,,2025-12-10 14:18:47,DELIVERED,NORTH
O000069,,2026-06-08 00:58:24,DELIVERED,WEST
O000070,,2026-03-11 16:06:10,SHIPPED,WEST
O000071,C00359,2026-03-03 19:56:03,DELIVERED,EAST
O000072,C00292,2026-06-16 03:09:06,PLACED,NORTH
O000073,C00220,2024-12-24 20:41:46,CANCELLED,SOUTH
O000074,C00276,2026-06-04 07:23:15,DELIVERED,CENTRAL
O000075,C00486,2024-07-31 00:11:05,CANCELLED,SOUTH
O000076,C00230,2026-03-18 00:10:08,DELIVERED,EAST
O000077,C00282,2026-07-10 23:15:44,DELIVERED,WEST
O000078,C00259,2025-07-03 16:34:20,DELIVERED,EAST
O000079,C00407,2026-06-04 18:49:00,DELIVERED,NORTH
O000080,C00575,2025-12-16 13:29:10,DELIVERED,CENTRAL
O000081,C00111,2025-04-26 10:43:40,DELIVERED,EAST
O000082,C00333,2025-04-20 23:11:03,CANCELLED,EAST
O000083,C00306,2026-05-13 23:34:48,SHIPPED,CENTRAL
O000084,C00414,2025-03-14 01:55:40,DELIVERED,SOUTH
O000085,C00510,2026-07-19 00:47:15,RETURNED,EAST
O000086,C00398,2025-09-12 14:35:30,DELIVERED,CENTRAL
O000087,C00195,2026-07-06 20:41:17,DELIVERED,SOUTH
O000088,C00488,2026-06-13 19:19:34,CANCELLED,EAST
O000089,C00175,2025-12-12 10:47:26,DELIVERED,CENTRAL
O000090,C00100,2025-01-12 10:33:25,DELIVERED,EAST
O000091,C00188,2026-07-23 20:12:52,RETURNED,EAST
O000092,C00228,2026-05-12 03:06:43,DELIVERED,EAST
O000093,C00381,2025-09-14 11:55:25,DELIVERED,EAST
O000094,C00482,28-10-2025 04:08:56,PLACED,CENTRAL
O000095,C00073,2026-02-25 22:27:29,DELIVERED,SOUTH
O000096,C00391,2025-12-05 04:13:23,DELIVERED,WEST
O000097,C00141,2024-09-04 05:21:01,RETURNED,EAST
O000098,C00469,2025-09-03 20:35:31,SHIPPED,SOUTH
O000099,C00341,2024-10-01 17:36:47,DELIVERED,SOUTH
O000100,C00060,2025-05-27 22:57:44,PLACED,EAST
O000101,C00591,2025-02-10 05:59:58,DELIVERED,WEST
O000102,C00445,2024-10-09 04:34:20,DELIVERED,WEST
O000103,C00393,2025-09-23 17:14:32,PLACED,CENTRAL
O000104,C00015,2025-01-31 13:26:42,CANCELLED,CENTRAL
O000105,C00005,2025-01-22 00:30:47,DELIVERED,SOUTH
O000106,C00320,2025-02-27 12:23:53,SHIPPED,WEST
O000107,C00314,2025-12-08 21:17:37,SHIPPED,NORTH
O000108,C00467,2025-05-12 10:26:58,DELIVERED,CENTRAL
O000109,C00445,2025-12-29 12:09:39,CANCELLED,SOUTH
O000110,C00368,2025-06-26 17:42:27,DELIVERED,SOUTH
O000111,C00234,2025-08-28 00:33:25,DELIVERED,SOUTH
O000112,C00517,2025-02-12 00:39:31,SHIPPED,EAST
O000113,C00039,2026-07-09 23:32:46,DELIVERED,EAST
O000114,C00050,2026-01-09 22:32:54,DELIVERED,NORTH
O000115,C00021,2026-05-19 03:47:49,PLACED,NORTH
O000116,C00390,2025-09-10 16:02:16,SHIPPED,EAST
O000117,C00211,2025-11-08 05:26:09,DELIVERED,NORTH
O000118,C00104,2025-05-15 15:11:03,DELIVERED,EAST
O000119,C00141,2026-04-09 21:54:40,DELIVERED,NORTH
O000120,C00121,2025-12-16 22:21:01,DELIVERED,NORTH
O000121,C00205,2025-12-02 07:05:36,DELIVERED,CENTRAL
O000122,C00420,2025-02-02 12:53:32,DELIVERED,NORTH
O000123,C00213,2026-01-23 17:55:57,DELIVERED,WEST
O000124,C00003,2025-06-14 08:23:56,PLACED,NORTH
O000125,C00506,2024-11-01 20:45:54,SHIPPED,NORTH
O000126,C00104,2025-12-16 02:35:35,CANCELLED,SOUTH
O000127,C00271,2025-10-21 10:38:19,DELIVERED,NORTH
O000128,C00298,2025-01-05 01:17:49,DELIVERED,EAST
O000129,C00098,2025-09-20 04:04:50,CANCELLED,NORTH
O000130,C00175,2024-07-20 04:53:58,DELIVERED,WEST
O000131,C00096,2026-04-08 09:37:46,DELIVERED,EAST
O000132,C00411,2025-01-14 04:00:19,DELIVERED,WEST
O000133,C00490,2025-04-15 13:54:15,DELIVERED,SOUTH
O000134,C00061,2024-11-03 04:41:07,RETURNED,SOUTH
O000135,C00495,2024-10-25 15:00:28,DELIVERED,WEST
O000136,C00389,2025-01-12 22:07:06,DELIVERED,CENTRAL
O000137,C00495,2024-08-09 04:37:04,CANCELLED,NORTH
O000138,C00048,2025-09-05 15:54:20,PLACED,EAST
O000139,C00591,2024-07-23 18:58:07,DELIVERED,SOUTH
O000140,C00532,2026-05-27 12:10:40,DELIVERED,CENTRAL
O000141,C00255,16-10-2024 15:37:13,DELIVERED,WEST
O000142,C00056,2024-12-10 20:11:22,PLACED,SOUTH
O000143,C00508,2025-12-10 16:56:49,CANCELLED,NORTH
O000144,C00247,2025-11-26 11:32:05,DELIVERED,EAST
O000145,C00229,2024-08-31 18:19:03,DELIVERED,WEST
O000146,C00081,2025-08-27 08:25:00,DELIVERED,CENTRAL
O000147,C00511,2025-10-12 03:03:55,DELIVERED,NORTH
O000148,C00019,2025-12-02 23:38:57,SHIPPED,WEST
O000149,C00563,2024-08-16 20:08:43,PLACED,NORTH
O000150,C00312,2026-03-21 22:24:01,CANCELLED,CENTRAL
O000151,C00468,2025-02-07 23:41:38,RETURNED,EAST
O000152,C00466,2024-09-04 07:58:37,DELIVERED,CENTRAL
O000153,C00373,2026-03-17 17:05:13,DELIVERED,NORTH
O000154,C00228,2024-10-18 23:51:03,PLACED,EAST
O000155,C00561,2026-04-20 10:29:29,DELIVERED,NORTH
O000156,C00505,2024-08-26 05:50:15,SHIPPED,WEST
O000157,C00201,2024-10-28 09:07:09,SHIPPED,WEST
O000158,C00196,2025-02-16 16:30:04,DELIVERED,NORTH
O000159,C00127,2025-09-08 01:33:13,DELIVERED,WEST
O000160,C00517,2025-10-22 23:50:04,SHIPPED,WEST
O000161,C00050,2024-07-15 19:10:14,DELIVERED,WEST
O000162,C00521,2026-03-02 17:26:37,DELIVERED,SOUTH
O000163,C00178,2026-06-19 20:55:31,DELIVERED,SOUTH
O000164,C00330,2024-10-25 13:57:57,DELIVERED,WEST
O000165,C00255,2025-09-12 22:02:01,DELIVERED,EAST
O000166,C00137,2025-05-08 16:20:54,SHIPPED,CENTRAL
O000167,C00307,2026-06-27 18:30:46,DELIVERED,CENTRAL
O000168,C00223,2025-05-28 20:00:58,SHIPPED,CENTRAL
O000169,C00354,2026-07-12 10:26:25,CANCELLED,SOUTH
O000170,C00183,2026-07-08 23:31:47,DELIVERED,EAST
O000171,C00361,2026-07-08 04:03:45,DELIVERED,CENTRAL
O000172,C00547,2026-02-15 15:03:38,DELIVERED,WEST
O000173,C00110,2024-07-24 18:53:34,PLACED,SOUTH
O000174,C00205,2024-09-03 01:55:18,DELIVERED,SOUTH
O000175,C00150,2025-04-30 08:59:00,DELIVERED,EAST
O000176,C00034,2025-02-04 19:33:51,DELIVERED,WEST
O000177,C00576,2024-10-23 22:17:33,CANCELLED,CENTRAL
O000178,C00524,2025-08-13 08:30:41,DELIVERED,EAST
O000179,C00391,2026-06-20 01:34:16,DELIVERED,EAST
O000180,C00014,2026-01-27 01:49:10,DELIVERED,SOUTH
O000181,C00231,2026-04-07 15:59:32,CANCELLED,EAST
O000182,C00202,2026-03-05 19:45:44,DELIVERED,SOUTH
O000183,C00182,2025-05-08 16:12:06,RETURNED,NORTH
O000184,C00527,2025-01-18 06:11:18,SHIPPED,NORTH
O000185,C00570,2025-09-22 10:01:22,DELIVERED,SOUTH
O000186,C00006,2026-03-01 09:08:44,DELIVERED,SOUTH
O000187,C00331,2024-08-20 05:27:25,DELIVERED,CENTRAL
O000188,C00503,19-05-2026 10:49:31,DELIVERED,CENTRAL
O000189,C00326,2025-07-12 02:30:51,DELIVERED,SOUTH
O000190,C00518,2025-12-26 02:20:35,SHIPPED,CENTRAL
O000191,C00095,2026-01-11 14:32:55,DELIVERED,SOUTH
O000192,C00340,2026-05-21 11:56:39,DELIVERED,SOUTH
O000193,C00487,2026-04-05 19:10:32,RETURNED,NORTH
O000194,C00457,2024-11-05 12:27:30,DELIVERED,CENTRAL
O000195,C00041,2026-04-08 08:44:17,DELIVERED,EAST
O000196,C00396,2025-08-05 03:59:19,DELIVERED,EAST
O000197,C00384,2024-08-05 18:40:45,DELIVERED,CENTRAL
O000198,C00045,2025-10-10 17:35:05,DELIVERED,SOUTH
O000199,C00085,2025-06-04 18:34:16,RETURNED,SOUTH
O000200,C00008,2026-01-12 19:16:27,DELIVERED,SOUTH
O000201,C00219,2026-05-28 22:46:50,CANCELLED,WEST
O000202,C00551,2024-10-25 07:20:44,DELIVERED,WEST
O000203,C00158,2026-05-04 02:29:11,PLACED,EAST
O000204,C00076,2024-08-18 03:02:50,PLACED,EAST
O000205,C00589,2026-02-02 02:25:31,DELIVERED,EAST
O000206,C00462,2025-09-01 13:59:19,DELIVERED,WEST
O000207,C00399,2025-05-30 00:28:32,DELIVERED,CENTRAL
O000208,C00065,2024-07-17 23:12:51,DELIVERED,CENTRAL
O000209,C00367,2024-08-26 02:30:13,CANCELLED,NORTH
O000210,C00089,2025-05-03 10:49:57,DELIVERED,WEST
O000211,C00032,2025-08-05 14:14:47,DELIVERED,CENTRAL
O000212,C00401,2025-02-21 04:49:34,DELIVERED,CENTRAL
O000213,C00148,2025-05-09 22:56:44,DELIVERED,EAST
O000214,C00569,2024-07-22 20:00:50,SHIPPED,NORTH
O000215,C00404,2024-07-16 20:42:46,DELIVERED,NORTH
O000216,C00353,2025-05-19 07:30:31,DELIVERED,CENTRAL
O000217,C00189,2024-12-03 05:43:15,DELIVERED,EAST
O000218,C00186,2025-01-25 04:02:02,DELIVERED,CENTRAL
O000219,C00473,2024-09-04 19:50:38,DELIVERED,NORTH
O000220,C00257,2025-05-04 02:18:48,SHIPPED,CENTRAL
O000221,C00366,2025-11-21 11:54:24,SHIPPED,SOUTH
O000222,C00072,2024-10-21 10:14:32,CANCELLED,EAST
O000223,C00337,2025-11-20 16:16:06,DELIVERED,EAST
O000224,C00157,2026-06-21 21:07:47,DELIVERED,EAST
O000225,C00173,2025-05-30 15:27:18,PLACED,SOUTH
O000226,C00447,2025-02-22 23:11:34,DELIVERED,EAST
O000227,C00492,2024-11-25 11:55:57,DELIVERED,EAST
O000228,C00565,2025-05-19 17:35:27,SHIPPED,CENTRAL
O000229,C00144,2024-10-02 10:04:39,CANCELLED,SOUTH
O000230,C00079,2025-04-06 22:40:31,DELIVERED,NORTH
O000231,C00032,2025-12-12 22:51:27,DELIVERED,CENTRAL
O000232,C00218,2025-08-29 21:20:36,CANCELLED,CENTRAL
O000233,C00553,2025-04-03 19:38:52,DELIVERED,SOUTH
O000234,C00229,2025-07-20 14:09:04,CANCELLED,CENTRAL
O000235,C00138,31-07-2026 10:27:20,DELIVERED,CENTRAL
O000236,C00373,2024-10-11 14:18:26,DELIVERED,SOUTH
O000237,C00527,2026-03-31 05:53:56,SHIPPED,SOUTH
O000238,C00580,2025-01-10 20:28:52,DELIVERED,SOUTH
O000239,C00368,2026-08-03 17:27:52,PLACED,WEST
O000240,C00271,2025-03-05 02:08:58,DELIVERED,NORTH
O000241,C00531,2026-05-26 07:23:21,CANCELLED,EAST
O000242,C00466,2025-08-12 16:57:40,CANCELLED,NORTH
O000243,C00106,2026-05-06 11:39:35,DELIVERED,CENTRAL
O000244,C00270,2026-04-20 09:49:06,DELIVERED,CENTRAL
O000245,C00388,2025-01-05 13:34:28,DELIVERED,NORTH
O000246,C00386,2025-12-22 09:01:14,RETURNED,SOUTH
O000247,C00362,2025-12-21 14:38:13,DELIVERED,EAST
O000248,C00007,2025-11-21 17:24:50,DELIVERED,SOUTH
O000249,C00236,2025-10-04 05:53:25,PLACED,EAST
O000250,C00192,2025-02-12 05:19:51,SHIPPED,CENTRAL
O000251,C00236,2026-07-15 04:10:08,DELIVERED,EAST
O000252,C00494,2026-07-18 03:59:14,DELIVERED,WEST
O000253,C00166,2025-02-11 21:22:15,DELIVERED,WEST
O000254,C00045,2024-08-02 08:43:57,SHIPPED,CENTRAL
O000255,C00525,2024-12-22 04:45:57,PLACED,CENTRAL
O000256,C00171,2024-12-08 01:53:47,DELIVERED,SOUTH
O000257,C00578,2025-12-22 14:37:22,DELIVERED,EAST
O000258,C00460,2024-10-06 07:44:48,DELIVERED,WEST
O000259,C00225,2025-11-16 06:04:15,DELIVERED,CENTRAL
O000260,C00187,2024-12-04 21:04:27,DELIVERED,CENTRAL
O000261,C00351,2025-04-07 05:58:02,CANCELLED,CENTRAL
O000262,C00236,2026-03-07 02:22:02,DELIVERED,SOUTH
O000263,C00208,2024-10-30 00:27:49,DELIVERED,CENTRAL
O000264,C00154,2026-06-11 15:08:42,DELIVERED,SOUTH
O000265,C00040,2025-11-10 22:14:35,CANCELLED,CENTRAL
O000266,C00096,2025-12-08 04:08:22,DELIVERED,SOUTH
O000267,C00002,2026-03-20 19:29:44,CANCELLED,WEST
O000268,C00380,2025-12-27 15:10:38,CANCELLED,CENTRAL
O000269,C00494,2025-09-23 08:12:58,DELIVERED,WEST
O000270,C00590,2025-07-04 21:18:26,SHIPPED,SOUTH
O000271,C00239,2025-03-28 17:13:58,CANCELLED,NORTH
O000272,C00557,2025-04-27 21:38:38,DELIVERED,SOUTH
O000273,C00592,2024-07-16 00:07:11,DELIVERED,CENTRAL
O000274,C00211,2024-07-18 13:30:54,DELIVERED,EAST
O000275,C00110,2025-09-02 13:03:02,SHIPPED,CENTRAL
O000276,C00549,2025-03-27 09:22:28,DELIVERED,EAST
O000277,C00407,2026-03-29 09:53:37,DELIVERED,WEST
O000278,C00495,2026-01-27 20:09:39,SHIPPED,CENTRAL
O000279,C00260,2026-01-30 17:28:26,RETURNED,CENTRAL
O000280,C00142,2025-06-28 14:21:22,CANCELLED,NORTH
O000281,C00166,2025-03-03 16:07:15,SHIPPED,CENTRAL
O000282,C00564,25-08-2025 12:10:58,DELIVERED,NORTH
O000283,C00006,2024-12-22 14:01:39,DELIVERED,SOUTH
O000284,C00446,2025-11-05 21:42:54,SHIPPED,EAST
O000285,C00082,2025-02-23 13:21:45,DELIVERED,WEST
O000286,C00534,2025-08-25 22:12:52,DELIVERED,CENTRAL
O000287,C00507,2024-09-07 06:14:32,DELIVERED,SOUTH
O000288,C00293,2026-05-14 18:43:34,SHIPPED,CENTRAL
O000289,C00238,2025-12-15 18:38:27,DELIVERED,NORTH
O000290,C00001,2025-07-14 08:34:18,RETURNED,NORTH
O000291,C00362,2025-04-19 14:24:13,DELIVERED,WEST
O000292,C00531,2026-03-03 07:09:14,PLACED,NORTH
O000293,C00292,2024-10-11 19:52:15,DELIVERED,CENTRAL
O000294,C00356,2026-02-27 12:32:04,RETURNED,EAST
O000295,C00200,2025-02-27 21:56:16,DELIVERED,WEST
O000296,C00268,2026-02-19 00:01:48,SHIPPED,CENTRAL
O000297,C00075,2024-10-28 20:11:59,DELIVERED,EAST
O000298,C00264,2024-11-07 18:32:56,CANCELLED,CENTRAL
O000299,C00387,2025-03-24 15:58:53,DELIVERED,SOUTH
O000300,C00472,2025-06-23 16:34:01,CANCELLED,NORTH
O000301,C00265,2025-11-16 04:05:38,PLACED,SOUTH
O000302,C00324,2026-06-04 08:13:56,DELIVERED,EAST
O000303,C00010,2025-12-21 19:21:47,DELIVERED,EAST
O000304,C00096,2025-03-22 10:19:14,DELIVERED,EAST
O000305,C00183,2024-09-26 20:03:05,DELIVERED,EAST
O000306,C00276,2025-02-19 20:44:56,SHIPPED,SOUTH
O000307,C00241,2025-12-03 07:07:49,DELIVERED,EAST
O000308,C00208,2025-02-07 08:12:21,DELIVERED,CENTRAL
O000309,C00110,2025-07-10 05:32:25,SHIPPED,NORTH
O000310,C00007,2026-06-03 17:47:53,DELIVERED,CENTRAL
O000311,C00381,2024-08-23 17:25:13,DELIVERED,WEST
O000312,C00503,2026-02-19 09:51:48,SHIPPED,CENTRAL
O000313,C00228,2025-04-23 14:20:49,DELIVERED,SOUTH
O000314,C00434,2024-09-04 19:00:08,DELIVERED,CENTRAL
O000315,C00356,2024-08-13 18:09:19,DELIVERED,SOUTH
O000316,C00531,2025-10-22 04:14:35,DELIVERED,NORTH
O000317,C00389,2024-07-23 07:32:02,DELIVERED,EAST
O000318,C00266,2025-07-16 22:10:17,SHIPPED,EAST
O000319,C00483,2025-03-10 09:40:10,RETURNED,EAST
O000320,C00511,2025-07-20 06:33:24,DELIVERED,WEST
O000321,C00374,2026-06-28 13:24:58,CANCELLED,EAST
O000322,C00586,2025-10-15 06:24:37,SHIPPED,CENTRAL
O000323,C00103,2026-06-13 08:10:57,DELIVERED,SOUTH
O000324,C00391,2026-01-30 15:35:50,SHIPPED,SOUTH
O000325,C00181,2025-11-07 00:12:55,DELIVERED,SOUTH
O000326,C00547,2026-04-17 18:41:04,DELIVERED,WEST
O000327,C00576,2025-05-14 08:59:54,CANCELLED,NORTH
O000328,C00168,2025-08-22 03:27:51,PLACED,EAST
O000329,C00099,10-11-2025 22:47:36,DELIVERED,EAST
O000330,C00369,2025-04-03 13:00:11,DELIVERED,EAST
O000331,C00422,2025-06-28 00:34:58,SHIPPED,CENTRAL
O000332,C00590,2025-01-30 20:51:48,DELIVERED,CENTRAL
O000333,C00364,2025-01-05 10:13:23,DELIVERED,CENTRAL
O000334,C00081,2025-11-22 16:07:59,DELIVERED,EAST
O000335,C00149,2025-10-28 22:51:38,CANCELLED,EAST
O000336,C00586,2025-09-15 22:50:41,DELIVERED,NORTH
O000337,C00352,2024-09-30 05:45:32,DELIVERED,EAST
O000338,C00274,2026-05-10 10:28:07,DELIVERED,WEST
O000339,C00372,2025-04-14 16:03:32,DELIVERED,CENTRAL
O000340,C00172,2025-10-15 14:56:01,SHIPPED,NORTH
O000341,C00258,2024-11-16 08:24:12,RETURNED,NORTH
O000342,C00407,2025-02-11 05:56:16,SHIPPED,NORTH
O000343,C00056,2025-11-07 19:49:43,PLACED,WEST
O000344,C00107,2025-12-29 02:53:30,DELIVERED,SOUTH
O000345,C00400,2024-10-05 23:42:09,DELIVERED,SOUTH
O000346,C00454,2026-08-05 10:12:26,DELIVERED,SOUTH
O000347,C00030,2026-01-01 06:04:20,PLACED,EAST
O000348,C00479,2025-06-09 17:11:49,RETURNED,CENTRAL
O000349,C00456,2025-04-15 19:49:57,SHIPPED,CENTRAL
O000350,C00468,2025-01-08 21:22:20,DELIVERED,CENTRAL
O000351,C00547,2025-09-29 18:55:09,DELIVERED,EAST
O000352,C00233,2025-11-16 19:30:34,DELIVERED,WEST
O000353,C00423,2025-05-22 13:10:42,DELIVERED,EAST
O000354,C00536,2024-07-20 23:51:51,DELIVERED,SOUTH
O000355,C00481,2025-06-28 10:18:05,DELIVERED,WEST
O000356,C00010,2025-11-11 10:46:09,DELIVERED,EAST
O000357,C00008,2026-03-14 08:16:44,DELIVERED,SOUTH
O000358,C00448,2025-09-05 20:16:11,DELIVERED,SOUTH
O000359,C00400,2026-07-13 23:22:50,DELIVERED,SOUTH
O000360,C00433,2025-04-06 02:44:41,DELIVERED,CENTRAL
O000361,C00292,2026-03-30 09:45:32,DELIVERED,CENTRAL
O000362,C00193,2025-04-12 14:53:39,CANCELLED,SOUTH
O000363,C00114,2024-11-27 10:24:16,DELIVERED,CENTRAL
O000364,C00504,2025-10-17 09:46:08,SHIPPED,NORTH
O000365,C00548,2024-12-13 01:40:04,PLACED,NORTH
O000366,C00129,2025-04-25 09:39:42,DELIVERED,NORTH
O000367,C00155,2025-03-06 03:08:41,PLACED,SOUTH
O000368,C00320,2025-06-26 15:09:41,DELIVERED,WEST
O000369,C00033,2025-07-26 16:44:35,DELIVERED,SOUTH
O000370,C00402,2024-09-06 09:33:50,PLACED,WEST
O000371,C00257,2025-01-12 06:51:30,DELIVERED,NORTH
O000372,C00395,2024-11-12 08:55:30,DELIVERED,WEST
O000373,C00204,2025-03-21 01:04:51,DELIVERED,NORTH
O000374,C00485,2025-12-26 07:27:00,DELIVERED,EAST
O000375,C00044,2025-06-06 05:38:08,DELIVERED,CENTRAL
O000376,C00260,26-12-2025 04:18:28,DELIVERED,EAST
O000377,C00054,2025-01-30 12:59:00,CANCELLED,SOUTH
O000378,C00445,2024-11-03 08:27:07,DELIVERED,SOUTH
O000379,C00123,2025-04-19 21:08:56,DELIVERED,SOUTH
O000380,C00596,2024-07-20 01:23:23,DELIVERED,WEST
O000381,C00159,2026-06-15 21:34:05,DELIVERED,NORTH
O000382,C00512,2025-03-22 05:36:08,SHIPPED,CENTRAL
O000383,C00062,2025-06-22 22:37:16,PLACED,SOUTH
O000384,C00110,2026-06-29 19:23:19,SHIPPED,SOUTH
O000385,C00356,2025-05-31 20:11:23,DELIVERED,WEST
O000386,C00022,2026-07-31 06:53:11,DELIVERED,EAST
O000387,C00257,2026-07-22 04:45:58,CANCELLED,WEST
O000388,C00573,2026-07-04 15:47:23,DELIVERED,WEST
O000389,C00192,2025-01-21 20:29:37,DELIVERED,EAST
O000390,C00282,2026-07-30 16:54:52,CANCELLED,CENTRAL
O000391,C00071,2026-01-29 05:41:55,DELIVERED,WEST
O000392,C00555,2025-05-09 09:26:56,DELIVERED,NORTH
O000393,C00389,2026-04-25 18:16:55,DELIVERED,NORTH
O000394,C00245,2026-04-06 13:06:59,DELIVERED,NORTH
O000395,C00397,2026-05-16 19:29:01,SHIPPED,WEST
O000396,C00290,2026-01-26 05:28:21,DELIVERED,EAST
O000397,C00536,2024-11-01 03:21:55,DELIVERED,NORTH
O000398,C00033,2024-11-20 06:21:53,SHIPPED,WEST
O000399,C00033,2025-01-23 03:27:22,DELIVERED,WEST
O000400,C00539,2026-05-15 17:41:52,DELIVERED,CENTRAL
O000401,C00376,2025-03-30 01:38:52,DELIVERED,NORTH
O000402,C00504,2024-07-24 07:27:38,CANCELLED,NORTH
O000403,C00063,2025-11-02 23:07:23,DELIVERED,WEST
O000404,C00273,2025-07-23 01:59:00,DELIVERED,NORTH
O000405,C00222,2025-05-18 02:41:54,RETURNED,NORTH
O000406,C00545,2024-10-22 08:16:18,DELIVERED,SOUTH
O000407,C00255,2025-12-31 23:46:37,DELIVERED,SOUTH
O000408,C00426,2026-02-02 20:10:55,DELIVERED,CENTRAL
O000409,C00438,2025-07-12 16:33:44,CANCELLED,SOUTH
O000410,C00412,2025-01-11 19:53:04,DELIVERED,SOUTH
O000411,C00454,2026-01-08 21:42:11,RETURNED,EAST
O000412,C00381,2026-01-25 11:40:52,DELIVERED,WEST
O000413,C00247,2026-07-24 11:38:14,DELIVERED,SOUTH
O000414,C00261,2025-07-30 19:53:39,DELIVERED,WEST
O000415,C00001,2025-10-12 14:19:06,DELIVERED,EAST
O000416,C00531,2026-03-13 00:27:15,SHIPPED,EAST
O000417,C00228,2024-07-17 10:47:44,DELIVERED,EAST
O000418,C00567,2024-08-02 09:54:29,DELIVERED,CENTRAL
O000419,C00097,2026-02-16 05:29:37,PLACED,EAST
O000420,C00272,2024-12-17 04:54:00,DELIVERED,CENTRAL
O000421,C00263,2025-03-23 08:20:38,DELIVERED,NORTH
O000422,C00583,2026-02-15 14:25:01,CANCELLED,NORTH
O000423,C00495,21-07-2026 11:40:57,SHIPPED,CENTRAL
O000424,C00308,2024-10-16 21:31:57,PLACED,CENTRAL
O000425,C00058,2025-08-05 02:43:05,CANCELLED,EAST
O000426,C00427,2025-07-02 15:40:24,RETURNED,NORTH
O000427,C00012,2025-02-28 23:37:40,DELIVERED,WEST
O000428,C00537,2024-09-04 10:57:27,PLACED,CENTRAL
O000429,C00335,2026-02-09 05:18:24,DELIVERED,SOUTH
O000430,C00403,2024-12-14 01:42:00,RETURNED,CENTRAL
O000431,C00093,2026-02-20 18:14:14,DELIVERED,EAST
O000432,C00136,2025-08-18 05:14:59,DELIVERED,WEST
O000433,C00562,2026-02-16 01:39:22,DELIVERED,NORTH
O000434,C00445,2025-08-23 18:07:53,DELIVERED,SOUTH
O000435,C00573,2024-11-26 17:22:14,SHIPPED,WEST
O000436,C00201,2026-05-09 20:39:44,DELIVERED,CENTRAL
O000437,C00074,2025-03-20 08:40:59,DELIVERED,WEST
O000438,C00092,2025-06-07 20:49:58,SHIPPED,WEST
O000439,C00357,2025-09-17 13:09:35,SHIPPED,EAST
O000440,C00025,2026-03-11 23:43:24,DELIVERED,SOUTH
O000441,C00453,2025-07-04 22:17:48,DELIVERED,WEST
O000442,C00205,2024-08-25 08:21:42,DELIVERED,SOUTH
O000443,C00116,2026-07-26 02:59:06,DELIVERED,SOUTH
O000444,C00295,2026-04-07 05:14:15,PLACED,NORTH
O000445,C00483,2025-05-19 16:14:49,PLACED,SOUTH
O000446,C00217,2026-08-07 19:26:56,SHIPPED,CENTRAL
O000447,C00495,2025-04-01 19:50:31,DELIVERED,SOUTH
O000448,C00386,2026-06-22 00:31:49,DELIVERED,CENTRAL
O000449,C00175,2024-08-24 09:09:42,PLACED,SOUTH
O000450,C00278,2026-06-24 22:21:36,PLACED,NORTH
O000451,C00278,2024-09-17 14:00:39,DELIVERED,EAST
O000452,C00300,2024-10-29 00:33:19,CANCELLED,WEST
O000453,C00521,2025-03-04 13:43:18,RETURNED,NORTH
O000454,C00545,2025-05-30 17:30:24,SHIPPED,SOUTH
O000455,C00575,2025-12-05 16:32:08,CANCELLED,NORTH
O000456,C00543,2024-08-20 08:52:05,DELIVERED,WEST
O000457,C00019,2025-08-17 05:34:37,DELIVERED,EAST
O000458,C00310,2025-07-09 22:37:29,DELIVERED,CENTRAL
O000459,C00264,2025-04-19 02:07:06,CANCELLED,NORTH
O000460,C00231,2026-01-30 10:03:44,SHIPPED,WEST
O000461,C00090,2026-05-14 04:51:30,DELIVERED,CENTRAL
O000462,C00233,2026-06-05 22:09:33,DELIVERED,CENTRAL
O000463,C00320,2024-12-14 15:23:16,CANCELLED,EAST
O000464,C00135,2025-10-13 19:36:10,SHIPPED,SOUTH
O000465,C00208,2026-02-25 19:34:15,CANCELLED,EAST
O000466,C00139,2026-06-16 18:55:55,DELIVERED,SOUTH
O000467,C00162,2026-05-13 20:25:34,DELIVERED,CENTRAL
O000468,C00189,2026-01-07 04:10:16,DELIVERED,SOUTH
O000469,C00327,2026-07-25 00:56:03,CANCELLED,WEST
O000470,C00454,05-09-2025 10:54:19,DELIVERED,EAST
O000471,C00110,2024-12-13 06:42:11,SHIPPED,NORTH
O000472,C00274,2026-03-29 22:19:23,DELIVERED,CENTRAL
O000473,C00238,2025-03-04 21:34:25,DELIVERED,NORTH
O000474,C00489,2025-07-13 02:45:16,SHIPPED,CENTRAL
O000475,C00383,2025-11-03 23:30:39,SHIPPED,WEST
O000476,C00141,2025-11-26 17:06:47,SHIPPED,SOUTH
O000477,C00016,2024-08-13 14:44:13,CANCELLED,WEST
O000478,C00210,2025-02-23 07:14:44,PLACED,WEST
O000479,C00333,2026-04-03 17:41:56,CANCELLED,SOUTH
O000480,C00043,2025-09-21 14:36:05,DELIVERED,WEST
O000481,C00404,2026-07-18 11:15:11,DELIVERED,CENTRAL
O000482,C00538,2026-03-11 19:22:54,DELIVERED,NORTH
O000483,C00463,2025-12-26 03:50:27,DELIVERED,NORTH
O000484,C00551,2025-03-19 18:44:46,DELIVERED,NORTH
O000485,C00529,2026-02-02 13:57:56,DELIVERED,NORTH
O000486,C00451,2025-01-21 10:27:44,DELIVERED,EAST
O000487,C00171,2025-04-29 16:39:28,DELIVERED,CENTRAL
O000488,C00146,2024-09-04 18:40:59,DELIVERED,WEST
O000489,C00116,2024-10-11 18:05:21,SHIPPED,CENTRAL
O000490,C00139,2026-06-23 19:45:17,DELIVERED,EAST
O000491,C00184,2025-10-15 00:46:04,DELIVERED,SOUTH
O000492,C00257,2025-10-19 03:08:39,DELIVERED,SOUTH
O000493,C00094,2026-07-16 04:21:32,SHIPPED,WEST
O000494,C00088,2026-04-21 13:04:30,DELIVERED,WEST
O000495,C00164,2026-07-25 18:29:24,DELIVERED,WEST
O000496,C00344,2024-08-24 06:04:57,DELIVERED,SOUTH
O000497,C00184,2024-12-24 05:07:32,DELIVERED,NORTH
O000498,C00317,2025-09-13 11:04:37,DELIVERED,WEST
O000499,C00186,2025-05-02 22:40:09,SHIPPED,SOUTH
O000500,C00260,2025-02-02 23:59:22,PLACED,WEST
O000501,C00006,2025-12-03 19:38:56,DELIVERED,WEST
O000502,C00488,2025-03-11 07:45:25,DELIVERED,WEST
O000503,C00007,2024-09-30 21:45:01,DELIVERED,CENTRAL
O000504,C00571,2025-04-21 22:25:32,DELIVERED,SOUTH
O000505,C00152,2024-08-30 06:35:26,PLACED,EAST
O000506,C00034,2024-08-17 05:09:13,DELIVERED,CENTRAL
O000507,C00090,2025-05-12 11:54:58,PLACED,WEST
O000508,C00292,2025-01-09 05:44:05,DELIVERED,CENTRAL
O000509,C00182,2026-02-17 20:19:44,RETURNED,CENTRAL
O000510,C00096,2025-07-14 01:09:56,DELIVERED,EAST
O000511,C00070,2025-07-23 13:39:27,DELIVERED,CENTRAL
O000512,C00483,2024-09-15 10:31:21,SHIPPED,EAST
O000513,C00424,2025-06-13 19:03:00,DELIVERED,SOUTH
O000514,C00112,2026-03-29 01:58:45,DELIVERED,CENTRAL
O000515,C00295,2024-10-08 17:28:13,DELIVERED,EAST
O000516,C00589,2025-04-02 18:59:23,RETURNED,EAST
O000517,C00577,20-11-2024 22:13:35,DELIVERED,WEST
O000518,C00239,2025-11-27 06:24:39,DELIVERED,SOUTH
O000519,C00025,2024-07-12 04:09:52,DELIVERED,NORTH
O000520,C00425,2026-08-05 07:24:34,DELIVERED,EAST
O000521,C00218,2025-07-04 20:15:53,PLACED,SOUTH
O000522,C00261,2026-06-17 10:06:52,DELIVERED,EAST
O000523,C00564,2025-05-14 18:18:31,DELIVERED,NORTH
O000524,C00350,2024-11-04 11:59:43,DELIVERED,CENTRAL
O000525,C00180,2026-04-02 00:55:15,SHIPPED,EAST
O000526,C00486,2026-05-30 17:18:16,DELIVERED,SOUTH
O000527,C00472,2025-11-16 05:31:05,CANCELLED,CENTRAL
O000528,C00424,2025-06-19 16:41:55,CANCELLED,NORTH
O000529,C00579,2025-12-26 10:45:34,DELIVERED,EAST
O000530,C00020,2026-01-30 19:22:18,SHIPPED,EAST
O000531,C00153,2025-07-08 02:16:17,DELIVERED,NORTH
O000532,C00548,2025-06-23 13:31:22,DELIVERED,CENTRAL
O000533,C00192,2026-03-23 14:02:40,DELIVERED,EAST
O000534,C00033,2026-07-03 11:18:41,DELIVERED,NORTH
O000535,C00381,2025-12-01 08:30:47,DELIVERED,EAST
O000536,C00310,2025-02-17 18:58:44,SHIPPED,EAST
O000537,C00095,2024-08-18 07:13:08,DELIVERED,NORTH
O000538,C00158,2025-11-17 18:04:02,SHIPPED,WEST
O000539,C00318,2026-07-31 18:55:31,DELIVERED,SOUTH
O000540,C00136,2024-10-19 18:39:11,SHIPPED,NORTH
O000541,C00535,2025-10-24 13:58:20,SHIPPED,EAST
O000542,C00090,2024-08-25 21:29:53,DELIVERED,NORTH
O000543,C00320,2024-10-24 18:48:52,PLACED,EAST
O000544,C00329,2026-04-26 07:30:03,SHIPPED,EAST
O000545,C00327,2025-04-20 19:14:25,DELIVERED,NORTH
O000546,C00162,2025-04-16 05:17:50,DELIVERED,NORTH
O000547,C00527,2026-04-09 20:14:10,SHIPPED,CENTRAL
O000548,C00327,2025-07-04 19:51:45,DELIVERED,EAST
O000549,C00176,2026-02-18 08:46:28,PLACED,CENTRAL
O000550,C00455,2025-06-22 19:32:33,PLACED,NORTH
O000551,C00109,2025-11-05 01:41:52,DELIVERED,NORTH
O000552,C00184,2025-09-20 14:07:48,DELIVERED,CENTRAL
O000553,C00365,2026-04-16 16:05:35,DELIVERED,SOUTH
O000554,C00081,2026-07-11 19:17:03,RETURNED,WEST
O000555,C00096,2026-02-12 04:39:33,DELIVERED,WEST
O000556,C00318,2024-10-18 16:26:53,DELIVERED,WEST
O000557,C00230,2025-11-04 08:17:47,SHIPPED,CENTRAL
O000558,C00402,2025-04-01 13:05:37,SHIPPED,EAST
O000559,C00500,2025-06-08 16:21:51,PLACED,WEST
O000560,C00491,2024-11-03 12:39:23,DELIVERED,SOUTH
O000561,C00589,2025-04-26 12:33:12,SHIPPED,NORTH
O000562,C00334,2025-08-30 03:45:21,DELIVERED,NORTH
O000563,C00473,2025-05-16 19:15:27,DELIVERED,WEST
O000564,C00250,12-03-2025 22:27:58,DELIVERED,WEST
O000565,C00349,2025-08-08 02:15:57,SHIPPED,CENTRAL
O000566,C00581,2025-09-25 15:42:41,DELIVERED,CENTRAL
O000567,C00178,2026-06-21 08:27:32,DELIVERED,NORTH
O000568,C00499,2026-08-07 20:45:59,SHIPPED,CENTRAL
O000569,C00569,2025-10-28 11:42:26,SHIPPED,WEST
O000570,C00416,2025-01-07 11:04:33,PLACED,NORTH
O000571,C00389,2026-06-12 21:34:31,DELIVERED,NORTH
O000572,C00143,2024-10-11 07:47:01,CANCELLED,NORTH
O000573,C00464,2024-12-08 05:17:37,DELIVERED,WEST
O000574,C00458,2026-04-02 20:54:09,SHIPPED,EAST
O000575,C00312,2025-05-13 20:37:26,CANCELLED,WEST
O000576,C00092,2026-07-16 12:23:42,DELIVERED,CENTRAL
O000577,C00131,2025-12-15 14:34:37,CANCELLED,NORTH
O000578,C00055,2025-07-24 19:50:42,PLACED,CENTRAL
O000579,C00289,2025-07-13 03:51:17,CANCELLED,SOUTH
O000580,C00404,2025-09-26 21:20:52,DELIVERED,WEST
O000581,C00446,2025-08-30 13:45:11,DELIVERED,SOUTH
O000582,C00193,2025-11-09 04:55:27,DELIVERED,EAST
O000583,C00296,2025-09-11 05:28:39,RETURNED,SOUTH
O000584,C00074,2024-11-25 00:16:59,DELIVERED,SOUTH
O000585,C00448,2026-07-19 17:34:51,RETURNED,SOUTH
O000586,C00426,2024-10-05 04:51:24,CANCELLED,CENTRAL
O000587,C00185,2025-09-19 22:33:09,DELIVERED,WEST
O000588,C00394,2026-01-27 16:14:47,DELIVERED,SOUTH
O000589,C00008,2025-09-18 21:52:21,DELIVERED,SOUTH
O000590,C00276,2026-07-10 18:07:41,DELIVERED,CENTRAL
O000591,C00035,2026-02-21 13:13:18,RETURNED,CENTRAL
O000592,C00116,2025-11-17 13:16:49,DELIVERED,NORTH
O000593,C00287,2024-12-03 19:01:36,DELIVERED,NORTH
O000594,C00091,2025-12-28 22:04:22,DELIVERED,NORTH
O000595,C00553,2026-06-11 22:55:57,DELIVERED,EAST
O000596,C00352,2026-03-30 01:46:56,DELIVERED,NORTH
O000597,C00525,2025-11-03 16:23:30,CANCELLED,CENTRAL
O000598,C00432,2026-08-01 11:55:51,DELIVERED,EAST
O000599,C00037,2025-05-03 05:57:34,DELIVERED,CENTRAL
O000600,C00267,2025-05-18 20:23:05,PLACED,WEST
O000601,C00587,2026-02-23 06:01:00,PLACED,EAST
O000602,C00028,2026-08-05 22:35:29,DELIVERED,NORTH
O000603,C00079,2024-11-17 18:16:08,CANCELLED,EAST
O000604,C00288,2025-03-26 04:41:11,DELIVERED,EAST
O000605,C00179,2024-07-25 03:55:20,CANCELLED,SOUTH
O000606,C00379,2026-05-16 16:07:22,DELIVERED,EAST
O000607,C00497,2026-06-28 08:27:37,SHIPPED,CENTRAL
O000608,C00087,2024-08-13 12:20:36,RETURNED,CENTRAL
O000609,C00423,2024-12-15 17:55:03,DELIVERED,SOUTH
O000610,C00172,2026-05-18 15:53:14,DELIVERED,EAST
O000611,C00271,04-09-2024 23:14:41,DELIVERED,NORTH
O000612,C00476,2024-09-02 05:57:46,DELIVERED,EAST
O000613,C00240,2025-11-10 19:14:57,DELIVERED,WEST
O000614,C00149,2025-11-08 09:25:21,DELIVERED,WEST
O000615,C00460,2024-07-23 10:22:31,DELIVERED,EAST
O000616,C00100,2026-01-04 01:21:15,CANCELLED,EAST
O000617,C00280,2025-09-26 22:05:16,DELIVERED,EAST
O000618,C00599,2024-10-19 09:09:27,DELIVERED,SOUTH
O000619,C00200,2026-08-01 21:17:44,DELIVERED,SOUTH
O000620,C00011,2025-05-27 19:47:55,DELIVERED,NORTH
O000621,C00101,2024-07-23 14:50:02,DELIVERED,WEST
O000622,C00291,2025-07-05 07:50:58,DELIVERED,NORTH
O000623,C00095,2024-08-04 22:24:44,PLACED,CENTRAL
O000624,C00125,2026-05-14 07:45:18,DELIVERED,NORTH
O000625,C00134,2024-10-07 21:52:36,DELIVERED,CENTRAL
O000626,C00189,2025-01-16 03:53:47,DELIVERED,WEST
O000627,C00465,2026-05-18 02:37:03,CANCELLED,EAST
O000628,C00264,2025-09-21 11:38:08,SHIPPED,NORTH
O000629,C00392,2025-04-20 02:07:56,DELIVERED,NORTH
O000630,C00183,2025-04-01 09:29:49,DELIVERED,WEST
O000631,C00403,2025-02-01 22:04:52,SHIPPED,WEST
O000632,C00554,2024-10-30 05:05:56,DELIVERED,SOUTH
O000633,C00109,2026-03-31 23:17:02,CANCELLED,EAST
O000634,C00075,2024-10-24 01:07:48,PLACED,EAST
O000635,C00510,2025-10-10 00:32:38,SHIPPED,NORTH
O000636,C00273,2024-08-18 14:04:40,SHIPPED,EAST
O000637,C00004,2025-08-15 20:46:58,DELIVERED,WEST
O000638,C00414,2025-11-12 15:44:13,DELIVERED,NORTH
O000639,C00004,2026-01-15 08:05:01,DELIVERED,WEST
O000640,C00549,2024-11-12 20:30:48,RETURNED,EAST
O000641,C00411,2025-06-17 10:53:11,PLACED,NORTH
O000642,C00349,2025-07-20 19:19:33,SHIPPED,WEST
O000643,C00208,2025-05-03 23:26:46,SHIPPED,NORTH
O000644,C00307,2025-08-08 06:48:54,DELIVERED,NORTH
O000645,C00499,2026-04-17 12:56:28,SHIPPED,WEST
O000646,C00144,2026-08-02 06:45:32,PLACED,NORTH
O000647,C00245,2026-07-18 21:26:57,DELIVERED,NORTH
O000648,C00316,2026-01-15 23:17:11,DELIVERED,WEST
O000649,C00348,2024-07-27 01:12:34,PLACED,NORTH
O000650,C00217,2025-08-30 04:09:50,DELIVERED,CENTRAL
O000651,C00153,2025-10-23 19:23:47,DELIVERED,SOUTH
O000652,C00145,2024-09-22 01:12:12,DELIVERED,NORTH
O000653,C00047,2025-11-05 22:22:30,DELIVERED,SOUTH
O000654,C00052,2024-07-25 06:07:56,CANCELLED,NORTH
O000655,C00175,2025-10-21 22:06:53,DELIVERED,NORTH
O000656,C00510,2024-10-27 04:01:04,DELIVERED,CENTRAL
O000657,C00208,2025-02-21 02:09:30,DELIVERED,WEST
O000658,C00590,08-06-2025 04:15:32,DELIVERED,EAST
O000659,C00178,2025-02-14 01:31:14,DELIVERED,NORTH
O000660,C00426,2025-04-17 05:00:11,SHIPPED,EAST
O000661,C00450,2026-01-28 05:52:06,DELIVERED,CENTRAL
O000662,C00103,2024-08-21 04:43:00,DELIVERED,CENTRAL
O000663,C00017,2025-07-31 05:36:16,CANCELLED,NORTH
O000664,C00184,2024-07-17 00:07:25,CANCELLED,CENTRAL
O000665,C00488,2025-04-27 15:00:54,DELIVERED,SOUTH
O000666,C00278,2024-12-04 23:09:22,DELIVERED,WEST
O000667,C00039,2025-03-12 06:12:57,DELIVERED,WEST
O000668,C00309,2026-03-29 03:03:56,DELIVERED,NORTH
O000669,C00197,2026-02-02 08:26:24,SHIPPED,CENTRAL
O000670,C00371,2024-10-16 22:23:42,CANCELLED,CENTRAL
O000671,C00476,2025-12-12 07:50:39,DELIVERED,SOUTH
O000672,C00199,2025-04-20 01:47:34,SHIPPED,SOUTH
O000673,C00510,2026-06-12 17:08:01,SHIPPED,NORTH
O000674,C00373,2024-09-04 23:20:22,DELIVERED,WEST
O000675,C00465,2025-03-25 12:01:55,PLACED,NORTH
O000676,C00162,2026-01-12 06:15:52,DELIVERED,WEST
O000677,C00073,2025-12-20 04:05:11,CANCELLED,WEST
O000678,C00334,2026-03-09 20:58:09,DELIVERED,EAST
O000679,C00334,2025-03-03 03:52:14,DELIVERED,SOUTH
O000680,C00205,2026-08-05 14:52:58,DELIVERED,SOUTH
O000681,C00600,2024-09-24 17:00:32,DELIVERED,WEST
O000682,C00466,2024-12-06 07:43:52,SHIPPED,EAST
O000683,C00199,2024-11-27 16:31:35,DELIVERED,EAST
O000684,C00131,2025-02-03 12:05:24,PLACED,CENTRAL
O000685,C00140,2024-09-10 10:04:38,SHIPPED,WEST
O000686,C00176,2025-10-23 15:05:16,DELIVERED,SOUTH
O000687,C00161,2025-05-09 21:50:18,DELIVERED,CENTRAL
O000688,C00567,2025-01-01 20:54:34,CANCELLED,NORTH
O000689,C00501,2025-09-05 18:51:28,CANCELLED,SOUTH
O000690,C00474,2026-03-08 17:06:00,DELIVERED,WEST
O000691,C00254,2026-08-03 08:50:28,DELIVERED,CENTRAL
O000692,C00153,2025-02-23 21:24:23,CANCELLED,NORTH
O000693,C00042,2025-09-11 01:28:15,RETURNED,CENTRAL
O000694,C00544,2024-08-14 15:21:36,DELIVERED,NORTH
O000695,C00247,2025-10-17 17:53:37,SHIPPED,NORTH
O000696,C00224,2026-06-20 14:39:55,SHIPPED,EAST
O000697,C00093,2025-03-12 23:26:26,PLACED,EAST
O000698,C00585,2024-12-23 16:34:58,DELIVERED,NORTH
O000699,C00142,2025-10-19 16:44:45,CANCELLED,WEST
O000700,C00476,2025-01-16 13:20:50,DELIVERED,NORTH
O000701,C00395,2026-04-14 02:26:05,CANCELLED,EAST
O000702,C00304,2026-01-05 01:03:06,DELIVERED,EAST
O000703,C00556,2026-06-25 22:09:40,DELIVERED,SOUTH
O000704,C00344,2026-06-12 02:48:30,DELIVERED,NORTH
O000705,C00053,20-12-2025 13:06:47,SHIPPED,EAST
O000706,C00042,2025-10-30 22:24:10,DELIVERED,SOUTH
O000707,C00069,2026-05-05 20:12:20,DELIVERED,SOUTH
O000708,C00245,2024-11-29 12:03:18,DELIVERED,WEST
O000709,C00215,2026-08-05 20:58:56,DELIVERED,SOUTH
O000710,C00274,2025-06-04 12:42:09,DELIVERED,WEST
O000711,C00065,2025-04-20 01:50:37,DELIVERED,WEST
O000712,C00540,2025-11-20 18:07:05,DELIVERED,WEST
O000713,C00546,2026-07-07 19:13:36,CANCELLED,WEST
O000714,C00068,2026-04-07 13:15:52,SHIPPED,WEST
O000715,C00401,2024-10-08 02:46:47,CANCELLED,EAST
O000716,C00169,2024-09-27 03:50:33,DELIVERED,SOUTH
O000717,C00210,2025-12-01 05:20:25,DELIVERED,NORTH
O000718,C00555,2025-05-07 15:01:35,RETURNED,WEST
O000719,C00455,2025-07-01 15:09:26,DELIVERED,NORTH
O000720,C00065,2025-05-05 06:44:39,PLACED,SOUTH
O000721,C00344,2025-12-25 23:19:57,DELIVERED,EAST
O000722,C00335,2026-05-13 23:22:58,DELIVERED,CENTRAL
O000723,C00469,2026-01-23 16:04:19,DELIVERED,SOUTH
O000724,C00267,2025-05-20 06:06:48,DELIVERED,EAST
O000725,C00152,2025-05-02 01:35:01,DELIVERED,WEST
O000726,C00165,2024-12-28 22:23:04,DELIVERED,EAST
O000727,C00158,2025-01-13 06:14:43,SHIPPED,NORTH
O000728,C00589,2024-08-22 11:23:19,SHIPPED,EAST
O000729,C00211,2025-07-24 06:34:41,DELIVERED,NORTH
O000730,C00353,2026-05-23 11:24:01,SHIPPED,WEST
O000731,C00547,2026-01-14 05:46:50,DELIVERED,NORTH
O000732,C00149,2025-08-29 18:02:38,RETURNED,EAST
O000733,C00560,2024-12-17 00:01:01,RETURNED,EAST
O000734,C00486,2026-05-04 10:37:18,CANCELLED,CENTRAL
O000735,C00579,2026-05-24 05:12:57,DELIVERED,WEST
O000736,C00491,2025-06-22 03:57:00,CANCELLED,SOUTH
O000737,C00120,2026-06-05 19:55:14,DELIVERED,WEST
O000738,C00457,2026-04-04 07:53:02,DELIVERED,EAST
O000739,C00200,2024-09-05 22:00:10,DELIVERED,SOUTH
O000740,C00024,2025-04-21 06:59:11,SHIPPED,WEST
O000741,C00525,2026-06-04 03:02:31,DELIVERED,WEST
O000742,C00524,2025-06-01 21:49:17,RETURNED,EAST
O000743,C00438,2025-08-22 05:14:50,DELIVERED,EAST
O000744,C00354,2024-07-23 10:13:28,DELIVERED,WEST
O000745,C00221,2026-02-05 03:03:00,DELIVERED,WEST
O000746,C00454,2026-08-09 14:59:33,DELIVERED,WEST
O000747,C00143,2026-07-27 14:56:28,DELIVERED,CENTRAL
O000748,C00213,2024-10-07 05:05:26,DELIVERED,CENTRAL
O000749,C00385,2025-06-19 02:16:04,SHIPPED,WEST
O000750,C00425,2026-04-26 09:48:44,SHIPPED,WEST
O000751,C00141,2026-07-08 20:32:16,SHIPPED,WEST
O000752,C00503,03-05-2025 20:01:35,PLACED,EAST
O000753,C00506,2026-03-02 10:55:33,DELIVERED,WEST
O000754,C00003,2025-02-25 00:50:16,SHIPPED,EAST
O000755,C00484,2026-04-27 23:02:14,SHIPPED,EAST
O000756,C00504,2025-09-11 06:23:29,CANCELLED,SOUTH
O000757,C00284,2024-08-09 04:12:23,DELIVERED,NORTH
O000758,C00596,2026-03-16 13:01:55,DELIVERED,WEST
O000759,C00488,2025-04-01 22:43:31,RETURNED,NORTH
O000760,C00590,2025-07-28 18:31:16,PLACED,EAST
O000761,C00060,2024-12-24 21:02:17,SHIPPED,WEST
O000762,C00366,2026-06-20 04:47:38,SHIPPED,EAST
O000763,C00365,2025-07-15 15:08:05,PLACED,EAST
O000764,C00079,2026-01-04 23:07:26,DELIVERED,SOUTH
O000765,C00172,2024-10-15 21:39:39,DELIVERED,EAST
O000766,C00278,2026-06-12 10:49:21,DELIVERED,EAST
O000767,C00594,2024-10-17 19:19:06,DELIVERED,SOUTH
O000768,C00531,2024-07-24 04:50:49,DELIVERED,WEST
O000769,C00167,2025-09-05 12:15:04,SHIPPED,SOUTH
O000770,C00193,2025-12-08 07:54:40,DELIVERED,CENTRAL
O000771,C00545,2026-03-31 18:59:57,DELIVERED,NORTH
O000772,C00079,2025-09-11 16:37:36,SHIPPED,SOUTH
O000773,C00357,2024-07-28 17:19:10,DELIVERED,EAST
O000774,C00536,2024-11-30 15:57:04,DELIVERED,EAST
O000775,C00030,2025-01-03 10:57:14,DELIVERED,NORTH
O000776,C00146,2025-02-23 04:32:49,DELIVERED,EAST
O000777,C00134,2024-11-16 07:30:03,RETURNED,WEST
O000778,C00080,2026-06-18 03:55:42,PLACED,WEST
O000779,C00202,2025-09-25 01:24:31,SHIPPED,CENTRAL
O000780,C00481,2026-03-10 02:01:07,SHIPPED,EAST
O000781,C00309,2024-08-24 02:16:22,DELIVERED,NORTH
O000782,C00211,2024-11-14 21:46:17,DELIVERED,SOUTH
O000783,C00030,2025-01-16 12:39:35,SHIPPED,EAST
O000784,C00361,2026-02-24 12:31:30,SHIPPED,CENTRAL
O000785,C00248,2026-07-27 22:10:40,DELIVERED,NORTH
O000786,C00015,2024-10-20 20:54:36,DELIVERED,SOUTH
O000787,C00551,2025-04-25 06:06:53,PLACED,NORTH
O000788,C00487,2025-02-15 18:13:04,DELIVERED,CENTRAL
O000789,C00110,2025-01-16 15:52:06,SHIPPED,EAST
O000790,C00220,2025-08-03 15:18:05,DELIVERED,WEST
O000791,C00127,2024-11-03 11:18:12,DELIVERED,CENTRAL
O000792,C00370,2024-11-27 17:54:46,DELIVERED,CENTRAL
O000793,C00085,2026-07-20 01:20:21,DELIVERED,NORTH
O000794,C00468,2025-08-09 10:11:12,DELIVERED,EAST
O000795,C00232,2026-06-14 16:01:29,DELIVERED,EAST
O000796,C00072,2025-09-22 06:44:03,CANCELLED,WEST
O000797,C00184,2026-06-06 13:14:20,PLACED,WEST
O000798,C00406,2026-05-30 03:41:24,DELIVERED,NORTH
O000799,C00405,10-11-2024 05:04:50,DELIVERED,CENTRAL
O000800,C00067,2024-10-23 06:00:13,DELIVERED,SOUTH
O000801,C00414,2025-06-22 07:09:07,SHIPPED,WEST
O000802,C00286,2026-07-23 18:01:58,DELIVERED,CENTRAL
O000803,C00410,2026-03-10 09:47:58,DELIVERED,CENTRAL
O000804,C00524,2025-08-29 17:30:07,DELIVERED,WEST
O000805,C00257,2024-10-29 04:18:34,DELIVERED,SOUTH
O000806,C00031,2026-04-15 04:45:42,SHIPPED,NORTH
O000807,C00028,2024-09-18 17:59:50,RETURNED,WEST
O000808,C00157,2026-03-22 11:45:53,DELIVERED,CENTRAL
O000809,C00533,2024-10-17 02:38:48,DELIVERED,WEST
O000810,C00510,2025-02-02 10:32:56,DELIVERED,EAST
O000811,C00554,2026-01-17 12:22:17,DELIVERED,NORTH
O000812,C00393,2025-09-24 04:11:54,DELIVERED,WEST
O000813,C00037,2025-10-07 16:35:47,PLACED,CENTRAL
O000814,C00169,2026-05-17 10:53:39,DELIVERED,SOUTH
O000815,C00500,2025-05-26 14:01:36,DELIVERED,CENTRAL
O000816,C00568,2026-06-02 17:43:16,DELIVERED,CENTRAL
O000817,C00576,2025-11-04 17:11:17,CANCELLED,CENTRAL
O000818,C00270,2024-09-06 14:06:38,DELIVERED,WEST
O000819,C00292,2026-04-03 12:42:16,DELIVERED,NORTH
O000820,C00132,2026-03-07 01:30:12,DELIVERED,EAST
O000821,C00028,2026-08-09 21:07:20,DELIVERED,EAST
O000822,C00439,2025-08-04 03:24:18,DELIVERED,EAST
O000823,C00058,2025-09-05 12:39:00,DELIVERED,SOUTH
O000824,C00320,2025-03-08 23:27:24,DELIVERED,NORTH
O000825,C00346,2025-05-19 04:01:42,SHIPPED,CENTRAL
O000826,C00472,2025-06-09 01:13:18,DELIVERED,WEST
O000827,C00432,2026-02-12 18:36:09,DELIVERED,WEST
O000828,C00325,2026-03-05 00:40:13,DELIVERED,WEST
O000829,C00101,2025-06-06 20:42:22,DELIVERED,NORTH
O000830,C00345,2026-06-18 07:21:27,DELIVERED,EAST
O000831,C00307,2024-12-28 22:14:45,DELIVERED,WEST
O000832,C00078,2025-02-02 17:57:15,DELIVERED,CENTRAL
O000833,C00272,2025-02-15 10:19:23,PLACED,CENTRAL
O000834,C00095,2025-08-26 08:05:06,DELIVERED,CENTRAL
O000835,C00345,2024-10-16 21:24:35,DELIVERED,CENTRAL
O000836,C00438,2026-01-05 17:09:53,SHIPPED,NORTH
O000837,C00517,2026-05-09 10:51:02,DELIVERED,WEST
O000838,C00321,2026-05-21 19:31:11,SHIPPED,WEST
O000839,C00528,2025-03-25 22:36:54,DELIVERED,CENTRAL
O000840,C00529,2025-01-11 00:32:17,CANCELLED,CENTRAL
O000841,C00479,2025-12-04 07:36:51,DELIVERED,CENTRAL
O000842,C00580,2026-04-01 15:39:08,DELIVERED,NORTH
O000843,C00374,2025-12-27 07:09:58,DELIVERED,SOUTH
O000844,C00446,2024-12-12 10:47:36,DELIVERED,NORTH
O000845,C00423,2026-04-21 07:16:19,DELIVERED,EAST
O000846,C00263,03-05-2026 05:42:27,DELIVERED,SOUTH
O000847,C00117,2025-08-30 08:32:37,SHIPPED,NORTH
O000848,C00476,2025-03-19 11:10:02,DELIVERED,WEST
O000849,C00038,2025-09-16 23:24:52,SHIPPED,EAST
O000850,C00265,2024-11-27 00:55:18,DELIVERED,EAST
O000851,C00181,2026-05-16 19:54:41,DELIVERED,NORTH
O000852,C00021,2026-07-20 17:32:59,PLACED,NORTH
O000853,C00306,2025-05-28 21:45:51,CANCELLED,WEST
O000854,C00093,2025-07-18 23:47:49,DELIVERED,SOUTH
O000855,C00585,2025-03-09 03:56:10,DELIVERED,NORTH
O000856,C00538,2025-12-27 20:59:35,DELIVERED,NORTH
O000857,C00126,2025-03-11 21:41:58,DELIVERED,EAST
O000858,C00400,2025-06-13 21:08:07,DELIVERED,SOUTH
O000859,C00148,2025-09-17 07:47:53,SHIPPED,SOUTH
O000860,C00419,2025-04-18 15:51:41,DELIVERED,CENTRAL
O000861,C00547,2024-09-06 17:42:51,DELIVERED,NORTH
O000862,C00434,2025-05-31 19:43:50,DELIVERED,SOUTH
O000863,C00372,2025-04-21 05:08:12,DELIVERED,EAST
O000864,C00036,2025-05-22 00:37:41,DELIVERED,NORTH
O000865,C00260,2026-06-18 08:35:13,DELIVERED,EAST
O000866,C00125,2026-04-26 13:04:19,DELIVERED,SOUTH
O000867,C00009,2025-10-07 14:00:16,CANCELLED,WEST
O000868,C00093,2025-03-29 10:48:57,RETURNED,SOUTH
O000869,C00165,2025-05-11 07:31:14,CANCELLED,EAST
O000870,C00035,2026-05-01 14:39:12,DELIVERED,NORTH
O000871,C00423,2025-11-26 17:00:45,CANCELLED,EAST
O000872,C00103,2026-07-15 15:14:19,DELIVERED,EAST
O000873,C00361,2025-12-11 02:16:37,DELIVERED,CENTRAL
O000874,C00465,2026-08-05 11:45:29,DELIVERED,NORTH
O000875,C00189,2026-04-28 23:13:13,DELIVERED,SOUTH
O000876,C00205,2024-07-14 14:26:54,DELIVERED,EAST
O000877,C00114,2026-02-20 02:51:17,SHIPPED,CENTRAL
O000878,C00134,2026-07-11 23:29:48,DELIVERED,WEST
O000879,C00490,2025-06-03 16:17:56,CANCELLED,SOUTH
O000880,C00336,2025-04-03 06:10:37,DELIVERED,SOUTH
O000881,C00377,2024-10-05 14:57:07,SHIPPED,WEST
O000882,C00022,2026-02-15 08:02:02,RETURNED,CENTRAL
O000883,C00235,2026-05-04 22:08:35,CANCELLED,WEST
O000884,C00173,2025-01-30 09:23:31,PLACED,CENTRAL
O000885,C00267,2025-09-23 21:43:13,SHIPPED,EAST
O000886,C00121,2025-01-01 20:30:48,PLACED,CENTRAL
O000887,C00507,2025-09-29 16:22:47,SHIPPED,SOUTH
O000888,C00295,2025-01-22 09:33:10,DELIVERED,WEST
O000889,C00212,2024-11-21 15:33:51,DELIVERED,EAST
O000890,C00429,2026-07-25 06:45:19,SHIPPED,SOUTH
O000891,C00269,2024-08-09 10:25:35,DELIVERED,WEST
O000892,C00597,2025-03-22 13:19:08,DELIVERED,WEST
O000893,C00481,06-10-2024 00:14:11,SHIPPED,EAST
O000894,C00218,2026-06-20 14:20:07,DELIVERED,WEST
O000895,C00263,2026-08-03 21:36:14,PLACED,CENTRAL
O000896,C00341,2024-09-09 01:45:29,RETURNED,WEST
O000897,C00047,2025-07-08 21:56:17,PLACED,CENTRAL
O000898,C00310,2026-04-06 13:43:49,RETURNED,EAST
O000899,C00043,2024-11-23 20:14:01,DELIVERED,EAST
O000900,C00505,2024-12-31 18:12:06,RETURNED,WEST
O000901,C00325,2024-11-23 03:07:29,DELIVERED,WEST
O000902,C00120,2024-12-03 09:20:30,DELIVERED,SOUTH
O000903,C00370,2025-12-04 10:05:30,CANCELLED,EAST
O000904,C00271,2025-04-06 22:10:37,DELIVERED,WEST
O000905,C00504,2024-12-26 11:20:57,DELIVERED,SOUTH
O000906,C00451,2026-01-31 23:47:48,PLACED,SOUTH
O000907,C00188,2024-09-04 08:13:47,PLACED,EAST
O000908,C00447,2024-12-25 16:52:07,SHIPPED,WEST
O000909,C00366,2024-08-21 15:56:09,RETURNED,CENTRAL
O000910,C00505,2025-11-19 16:31:38,SHIPPED,SOUTH
O000911,C00096,2024-11-14 12:35:22,SHIPPED,EAST
O000912,C00521,2025-01-11 05:59:17,DELIVERED,CENTRAL
O000913,C00218,2026-05-21 21:11:04,DELIVERED,NORTH
O000914,C00185,2025-12-31 20:38:33,DELIVERED,NORTH
O000915,C00097,2025-03-20 17:59:47,CANCELLED,NORTH
O000916,C00404,2025-04-28 04:18:08,DELIVERED,NORTH
O000917,C00030,2025-06-07 05:27:34,SHIPPED,WEST
O000918,C00276,2025-10-18 22:44:18,DELIVERED,NORTH
O000919,C00464,2025-06-13 01:27:26,DELIVERED,CENTRAL
O000920,C00050,2024-11-20 07:33:23,DELIVERED,EAST
O000921,C00073,2025-06-06 01:52:58,DELIVERED,CENTRAL
O000922,C00409,2025-08-05 03:13:49,DELIVERED,SOUTH
O000923,C00022,2025-08-23 03:06:29,CANCELLED,SOUTH
O000924,C00292,2025-08-12 14:30:41,DELIVERED,SOUTH
O000925,C00503,2024-11-11 10:43:50,DELIVERED,EAST
O000926,C00135,2026-06-12 21:50:02,DELIVERED,NORTH
O000927,C00205,2025-07-22 18:31:33,DELIVERED,WEST
O000928,C00577,2025-11-10 09:38:09,DELIVERED,NORTH
O000929,C00191,2025-09-16 13:16:04,DELIVERED,WEST
O000930,C00526,2024-10-14 01:19:59,DELIVERED,WEST
O000931,C00159,2026-06-03 08:01:29,RETURNED,CENTRAL
O000932,C00538,2026-04-16 23:25:32,SHIPPED,WEST
O000933,C00490,2025-10-01 02:44:37,DELIVERED,SOUTH
O000934,C00255,2026-06-11 10:47:54,DELIVERED,EAST
O000935,C00565,2026-02-13 01:35:54,PLACED,NORTH
O000936,C00523,2025-12-18 03:46:46,DELIVERED,NORTH
O000937,C00260,2025-10-29 20:33:30,DELIVERED,CENTRAL
O000938,C00017,2024-10-02 18:11:26,SHIPPED,WEST
O000939,C00403,2025-01-10 06:29:41,PLACED,WEST
O000940,C00322,02-07-2026 10:41:52,DELIVERED,WEST
O000941,C00272,2026-05-28 16:14:34,DELIVERED,SOUTH
O000942,C00081,2025-02-12 06:35:58,DELIVERED,CENTRAL
O000943,C00445,2025-04-02 03:43:55,DELIVERED,NORTH
O000944,C00014,2025-08-19 04:06:32,SHIPPED,WEST
O000945,C00499,2025-10-25 14:36:35,DELIVERED,CENTRAL
O000946,C00310,2025-07-15 14:14:32,SHIPPED,SOUTH
O000947,C00115,2024-07-25 06:48:27,DELIVERED,SOUTH
O000948,C00493,2024-08-07 07:28:43,DELIVERED,SOUTH
O000949,C00552,2025-09-30 22:39:17,SHIPPED,EAST
O000950,C00486,2025-10-28 05:15:19,DELIVERED,NORTH
O000951,C00456,2024-12-28 05:24:37,RETURNED,WEST
O000952,C00600,2024-07-31 16:13:37,DELIVERED,EAST
O000953,C00053,2026-02-14 14:07:24,DELIVERED,NORTH
O000954,C00426,2026-04-17 15:34:54,DELIVERED,CENTRAL
O000955,C00298,2026-03-13 20:02:32,PLACED,WEST
O000956,C00500,2025-11-20 18:33:05,DELIVERED,NORTH
O000957,C00433,2026-01-02 00:33:11,DELIVERED,CENTRAL
O000958,C00428,2024-09-14 09:36:46,CANCELLED,NORTH
O000959,C00356,2025-11-29 22:31:57,DELIVERED,WEST
O000960,C00295,2024-08-01 05:44:05,DELIVERED,WEST
O000961,C00238,2025-06-28 15:48:43,DELIVERED,CENTRAL
O000962,C00480,2026-06-12 12:12:32,SHIPPED,EAST
O000963,C00427,2026-07-21 14:04:25,DELIVERED,EAST
O000964,C00213,2025-11-06 05:45:36,DELIVERED,NORTH
O000965,C00133,2026-05-25 17:26:32,SHIPPED,SOUTH
O000966,C00104,2026-03-23 17:46:50,DELIVERED,WEST
O000967,C00215,2025-05-17 08:24:24,DELIVERED,NORTH
O000968,C00366,2025-07-13 09:21:23,DELIVERED,SOUTH
O000969,C00066,2025-12-08 01:01:29,DELIVERED,NORTH
O000970,C00124,2026-04-04 08:06:51,DELIVERED,WEST
O000971,C00364,2025-04-01 12:15:05,DELIVERED,CENTRAL
O000972,C00528,2025-04-10 05:21:54,DELIVERED,NORTH
O000973,C00449,2026-07-04 01:41:47,DELIVERED,NORTH
O000974,C00105,2024-10-27 22:05:27,DELIVERED,NORTH
O000975,C00172,2025-12-12 03:41:55,DELIVERED,SOUTH
O000976,C00300,2025-07-16 05:34:41,DELIVERED,CENTRAL
O000977,C00158,2025-12-03 03:28:33,DELIVERED,EAST
O000978,C00207,2024-11-29 04:20:18,DELIVERED,WEST
O000979,C00486,2024-07-17 08:47:33,DELIVERED,CENTRAL
O000980,C00273,2025-01-02 02:57:50,DELIVERED,WEST
O000981,C00252,2025-07-15 22:46:41,SHIPPED,CENTRAL
O000982,C00142,2025-09-15 08:10:07,DELIVERED,WEST
O000983,C00529,2025-09-03 16:33:48,DELIVERED,EAST
O000984,C00150,2024-08-10 15:58:28,DELIVERED,CENTRAL
O000985,C00347,2024-09-20 02:56:51,DELIVERED,SOUTH
O000986,C00403,2025-09-28 02:05:55,DELIVERED,SOUTH
O000987,C00533,19-02-2026 01:57:56,RETURNED,WEST
O000988,C00312,2025-08-26 20:01:01,DELIVERED,EAST
O000989,C00287,2025-06-28 00:08:54,CANCELLED,CENTRAL
O000990,C00457,2024-12-08 14:34:03,DELIVERED,CENTRAL
O000991,C00453,2026-04-11 22:22:06,DELIVERED,WEST
O000992,C00087,2025-01-29 10:50:21,PLACED,EAST
O000993,C00533,2025-08-14 04:26:54,RETURNED,EAST
O000994,C00524,2025-02-14 03:14:25,DELIVERED,CENTRAL
O000995,C00164,2025-06-24 23:00:19,PLACED,CENTRAL
O000996,C00248,2026-03-09 09:16:46,DELIVERED,EAST
O000997,C00518,2026-07-24 15:15:09,SHIPPED,NORTH
O000998,C00520,2025-07-27 09:19:05,DELIVERED,NORTH
O000999,C00460,2026-05-08 04:24:10,DELIVERED,NORTH
O001000,C00242,2025-10-18 12:12:09,DELIVERED,CENTRAL
O001001,C00547,2026-02-10 22:42:58,DELIVERED,SOUTH
O001002,C00292,2025-07-04 10:45:15,DELIVERED,CENTRAL
O001003,C00387,2026-05-30 04:57:25,DELIVERED,SOUTH
O001004,C00529,2024-10-26 11:47:50,DELIVERED,EAST
O001005,C00151,2025-10-19 03:25:42,DELIVERED,WEST
O001006,C00064,2024-10-02 03:13:10,DELIVERED,SOUTH
O001007,C00457,2025-11-10 07:40:51,PLACED,CENTRAL
O001008,C00573,2025-08-27 21:16:40,DELIVERED,WEST
O001009,C00511,2025-04-07 21:08:04,DELIVERED,WEST
O001010,C00427,2026-06-16 17:41:04,DELIVERED,SOUTH
O001011,C00497,2025-12-10 04:29:21,DELIVERED,SOUTH
O001012,C00542,2026-07-02 18:32:43,SHIPPED,SOUTH
O001013,C00034,2025-10-20 17:05:42,DELIVERED,CENTRAL
O001014,C00419,2025-07-24 04:11:05,SHIPPED,EAST
O001015,C00042,2026-02-16 10:24:16,DELIVERED,NORTH
O001016,C00384,2025-07-26 10:57:46,DELIVERED,WEST
O001017,C00146,2024-08-08 05:03:45,DELIVERED,WEST
O001018,C00291,2024-08-29 10:58:17,DELIVERED,WEST
O001019,C00561,2024-07-13 04:18:52,DELIVERED,NORTH
O001020,C00587,2025-09-11 17:22:47,DELIVERED,WEST
O001021,C00487,2025-06-21 13:35:53,DELIVERED,CENTRAL
O001022,C00517,2024-11-23 04:54:15,DELIVERED,WEST
O001023,C00153,2026-05-25 16:12:40,CANCELLED,EAST
O001024,C00420,2024-10-10 22:36:28,DELIVERED,WEST
O001025,C00047,2025-06-23 19:33:28,RETURNED,WEST
O001026,C00091,2026-08-03 09:57:35,CANCELLED,NORTH
O001027,C00317,2026-02-16 22:48:08,DELIVERED,NORTH
O001028,C00088,2026-05-01 20:13:34,SHIPPED,CENTRAL
O001029,C00055,2026-01-16 20:51:48,RETURNED,CENTRAL
O001030,C00515,2025-01-20 17:11:07,CANCELLED,NORTH
O001031,C00185,2026-05-16 19:13:30,RETURNED,EAST
O001032,C00594,2025-02-06 08:47:29,DELIVERED,CENTRAL
O001033,C00412,2026-03-24 11:31:38,DELIVERED,WEST
O001034,C00448,03-08-2024 12:14:17,SHIPPED,NORTH
O001035,C00392,2026-01-02 11:24:58,DELIVERED,NORTH
O001036,C00173,2024-10-20 19:35:11,DELIVERED,SOUTH
O001037,C00158,2025-03-29 03:07:26,DELIVERED,WEST
O001038,C00061,2026-06-05 06:01:15,DELIVERED,EAST
O001039,C00060,2025-01-12 00:51:00,DELIVERED,NORTH
O001040,C00423,2025-06-03 05:02:51,CANCELLED,EAST
O001041,C00054,2025-07-30 04:15:54,SHIPPED,CENTRAL
O001042,C00505,2026-03-03 08:28:16,DELIVERED,CENTRAL
O001043,C00276,2025-08-09 04:03:02,PLACED,WEST
O001044,C00068,2026-01-28 14:40:55,DELIVERED,WEST
O001045,C00020,2026-04-20 08:22:15,DELIVERED,CENTRAL
O001046,C00253,2026-06-02 03:33:24,DELIVERED,SOUTH
O001047,C00417,2025-05-18 20:33:00,DELIVERED,CENTRAL
O001048,C00383,2025-02-04 05:02:39,DELIVERED,SOUTH
O001049,C00434,2025-03-19 19:25:54,RETURNED,CENTRAL
O001050,C00002,2025-10-16 01:22:56,DELIVERED,CENTRAL
O001051,C00172,2025-05-03 23:38:16,PLACED,WEST
O001052,C00257,2025-04-16 21:37:42,DELIVERED,WEST
O001053,C00218,2025-07-05 22:52:43,DELIVERED,CENTRAL
O001054,C00166,2025-04-25 01:31:00,DELIVERED,CENTRAL
O001055,C00092,2024-09-20 10:48:24,DELIVERED,NORTH
O001056,C00287,2024-12-01 20:07:17,CANCELLED,SOUTH
O001057,C00326,2026-03-28 18:14:26,CANCELLED,EAST
O001058,C00464,2026-04-22 09:22:36,DELIVERED,EAST
O001059,C00471,2025-06-25 07:31:45,RETURNED,EAST
O001060,C00003,2024-07-27 04:43:46,DELIVERED,NORTH
O001061,C00424,2024-07-20 06:10:44,DELIVERED,WEST
O001062,C00084,2025-08-17 19:27:12,DELIVERED,NORTH
O001063,C00456,2026-01-13 00:59:15,DELIVERED,EAST
O001064,C00367,2025-07-31 21:45:14,DELIVERED,NORTH
O001065,C00380,2024-11-15 16:42:25,RETURNED,WEST
O001066,C00021,2024-07-20 07:55:34,DELIVERED,EAST
O001067,C00311,2025-01-23 03:08:11,DELIVERED,SOUTH
O001068,C00372,2025-03-07 17:50:23,PLACED,WEST
O001069,C00215,2026-07-01 21:55:32,PLACED,WEST
O001070,C00583,2024-11-01 09:57:31,DELIVERED,SOUTH
O001071,C00580,2026-01-27 06:54:56,DELIVERED,CENTRAL
O001072,C00067,2026-02-09 06:15:05,DELIVERED,NORTH
O001073,C00584,2024-11-18 09:18:48,CANCELLED,CENTRAL
O001074,C00197,2026-07-27 09:50:55,DELIVERED,NORTH
O001075,C00259,2026-06-20 19:15:52,DELIVERED,WEST
O001076,C00054,2024-07-13 15:24:41,CANCELLED,EAST
O001077,C00281,2025-09-26 14:40:29,SHIPPED,CENTRAL
O001078,C00371,2025-10-31 17:54:14,DELIVERED,NORTH
O001079,C00049,2026-07-19 08:02:10,DELIVERED,WEST
O001080,C00324,2026-01-07 16:12:12,PLACED,SOUTH
O001081,C00586,18-06-2025 02:50:21,DELIVERED,SOUTH
O001082,C00077,2026-06-17 15:17:29,CANCELLED,SOUTH
O001083,C00319,2024-12-26 11:50:51,PLACED,NORTH
O001084,C00443,2024-08-08 17:20:09,DELIVERED,CENTRAL
O001085,C00257,2026-04-13 12:01:56,DELIVERED,WEST
O001086,C00056,2025-03-12 12:16:08,DELIVERED,CENTRAL
O001087,C00450,2025-03-10 02:30:55,DELIVERED,WEST
O001088,C00088,2026-02-23 04:24:20,RETURNED,NORTH
O001089,C00067,2025-08-01 11:16:01,DELIVERED,NORTH
O001090,C00309,2025-10-06 01:51:20,DELIVERED,WEST
O001091,C00058,2024-09-16 03:34:05,DELIVERED,EAST
O001092,C00099,2025-08-05 14:29:08,DELIVERED,WEST
O001093,C00011,2025-03-06 21:41:26,DELIVERED,WEST
O001094,C00104,2025-09-22 22:26:31,DELIVERED,NORTH
O001095,C00337,2025-10-18 18:41:31,DELIVERED,NORTH
O001096,C00070,2024-10-24 00:18:29,DELIVERED,SOUTH
O001097,C00522,2026-02-17 04:26:51,DELIVERED,WEST
O001098,C00456,2025-11-15 22:27:55,SHIPPED,SOUTH
O001099,C00131,2024-08-25 02:03:47,DELIVERED,WEST
O001100,C00367,2025-12-18 23:35:19,DELIVERED,CENTRAL
O001101,C00481,2024-12-07 05:13:40,DELIVERED,EAST
O001102,C00009,2025-05-05 13:17:22,DELIVERED,SOUTH
O001103,C00520,2024-09-07 08:30:13,DELIVERED,CENTRAL
O001104,C00353,2024-09-04 15:13:39,SHIPPED,SOUTH
O001105,C00071,2026-04-27 07:11:18,DELIVERED,WEST
O001106,C00340,2026-06-22 16:52:42,CANCELLED,CENTRAL
O001107,C00307,2025-06-19 22:17:32,DELIVERED,SOUTH
O001108,C00044,2024-10-26 16:24:05,DELIVERED,NORTH
O001109,C00236,2026-04-26 07:58:51,DELIVERED,SOUTH
O001110,C00340,2025-03-12 17:21:51,DELIVERED,WEST
O001111,C00189,2025-02-06 14:26:08,DELIVERED,NORTH
O001112,C00076,2025-07-17 00:13:15,DELIVERED,CENTRAL
O001113,C00298,2024-11-05 05:02:43,DELIVERED,CENTRAL
O001114,C00031,2025-07-14 01:27:33,SHIPPED,EAST
O001115,C00269,2025-01-05 07:49:56,DELIVERED,EAST
O001116,C00183,2026-01-29 08:48:58,SHIPPED,SOUTH
O001117,C00022,2025-04-05 03:32:42,DELIVERED,SOUTH
O001118,C00114,2025-08-03 23:42:14,DELIVERED,SOUTH
O001119,C00246,2025-05-19 16:28:14,DELIVERED,EAST
O001120,C00540,2026-05-18 06:05:59,RETURNED,CENTRAL
O001121,C00122,2025-09-28 02:14:28,SHIPPED,SOUTH
O001122,C00546,2025-01-21 06:50:23,DELIVERED,EAST
O001123,C00440,2025-06-01 21:41:23,RETURNED,SOUTH
O001124,C00194,2024-08-27 22:17:23,CANCELLED,EAST
O001125,C00254,2024-12-10 11:47:28,PLACED,EAST
O001126,C00599,2024-11-17 18:21:58,CANCELLED,SOUTH
O001127,C00482,2026-07-25 02:49:29,DELIVERED,CENTRAL
O001128,C00521,15-09-2024 05:57:24,DELIVERED,CENTRAL
O001129,C00532,2025-07-29 18:00:49,DELIVERED,EAST
O001130,C00539,2026-07-10 13:28:24,DELIVERED,WEST
O001131,C00596,2025-11-08 09:37:50,DELIVERED,CENTRAL
O001132,C00213,2026-05-07 01:11:36,DELIVERED,SOUTH
O001133,C00406,2025-10-16 08:23:40,DELIVERED,WEST
O001134,C00161,2025-08-01 20:39:49,RETURNED,EAST
O001135,C00087,2025-03-28 19:54:20,SHIPPED,NORTH
O001136,C00532,2025-05-09 16:02:41,DELIVERED,CENTRAL
O001137,C00525,2024-08-22 16:48:00,DELIVERED,WEST
O001138,C00443,2025-10-15 16:53:01,DELIVERED,WEST
O001139,C00392,2025-05-31 09:48:04,PLACED,WEST
O001140,C00078,2025-03-07 09:31:54,DELIVERED,NORTH
O001141,C00526,2025-05-08 18:07:46,DELIVERED,NORTH
O001142,C00101,2025-04-20 08:09:09,SHIPPED,EAST
O001143,C00206,2024-08-19 19:44:27,DELIVERED,EAST
O001144,C00282,2025-03-24 10:52:56,SHIPPED,CENTRAL
O001145,C00268,2024-11-29 19:38:07,PLACED,EAST
O001146,C00414,2025-04-25 12:28:52,RETURNED,CENTRAL
O001147,C00484,2026-05-13 00:17:37,DELIVERED,SOUTH
O001148,C00233,2025-08-22 08:08:48,DELIVERED,SOUTH
O001149,C00529,2025-11-08 08:22:13,DELIVERED,CENTRAL
O001150,C00349,2025-11-02 16:39:35,DELIVERED,EAST
O001151,C00428,2025-01-19 15:28:21,SHIPPED,WEST
O001152,C00384,2026-02-02 00:57:24,SHIPPED,SOUTH
O001153,C00512,2025-05-19 00:12:47,DELIVERED,EAST
O001154,C00430,2025-06-23 08:04:14,DELIVERED,WEST
O001155,C00307,2026-06-18 19:26:03,DELIVERED,NORTH
O001156,C00143,2026-02-12 01:02:00,SHIPPED,EAST
O001157,C00588,2026-02-12 22:47:33,CANCELLED,WEST
O001158,C00066,2025-02-05 14:05:00,DELIVERED,SOUTH
O001159,C00337,2025-11-09 03:48:58,DELIVERED,WEST
O001160,C00096,2026-04-26 10:57:09,SHIPPED,CENTRAL
O001161,C00501,2025-01-08 01:01:41,PLACED,SOUTH
O001162,C00291,2024-09-20 13:54:38,SHIPPED,EAST
O001163,C00072,2026-05-17 18:57:12,DELIVERED,EAST
O001164,C00176,2025-12-23 00:15:46,DELIVERED,WEST
O001165,C00114,2025-08-15 05:34:41,SHIPPED,WEST
O001166,C00399,2025-11-12 02:21:51,RETURNED,SOUTH
O001167,C00318,2024-11-21 07:20:57,DELIVERED,WEST
O001168,C00589,2024-12-20 21:50:28,RETURNED,CENTRAL
O001169,C00470,2025-02-03 18:09:19,DELIVERED,NORTH
O001170,C00066,2024-12-04 16:05:21,DELIVERED,CENTRAL
O001171,C00337,2025-03-20 19:00:24,CANCELLED,WEST
O001172,C00590,2025-10-25 16:42:25,PLACED,NORTH
O001173,C00468,2025-05-01 23:23:30,DELIVERED,EAST
O001174,C00180,2025-08-15 22:10:49,DELIVERED,SOUTH
O001175,C00469,04-04-2026 15:35:32,DELIVERED,SOUTH
O001176,C00098,2026-06-26 20:33:48,DELIVERED,NORTH
O001177,C00281,2025-03-13 05:36:39,CANCELLED,CENTRAL
O001178,C00223,2025-05-05 02:17:27,CANCELLED,WEST
O001179,C00378,2026-01-28 04:16:28,PLACED,NORTH
O001180,C00420,2025-12-09 11:43:50,DELIVERED,EAST
O001181,C00046,2025-02-08 18:17:09,DELIVERED,NORTH
O001182,C00391,2026-04-26 16:40:41,DELIVERED,WEST
O001183,C00039,2025-01-26 14:18:11,PLACED,NORTH
O001184,C00335,2026-07-07 04:49:47,DELIVERED,WEST
O001185,C00070,2025-11-19 16:39:29,SHIPPED,SOUTH
O001186,C00144,2026-07-11 15:47:52,DELIVERED,EAST
O001187,C00019,2024-12-23 06:04:18,DELIVERED,SOUTH
O001188,C00548,2025-05-08 04:22:51,DELIVERED,SOUTH
O001189,C00280,2024-09-28 00:16:08,SHIPPED,EAST
O001190,C00036,2025-01-09 07:44:58,CANCELLED,CENTRAL
O001191,C00049,2025-02-17 15:57:20,DELIVERED,CENTRAL
O001192,C00400,2026-04-28 03:36:12,DELIVERED,WEST
O001193,C00005,2024-09-02 21:38:26,PLACED,WEST
O001194,C00384,2025-02-02 08:57:07,CANCELLED,SOUTH
O001195,C00432,2024-10-12 00:26:41,PLACED,NORTH
O001196,C00065,2025-06-21 06:51:24,DELIVERED,NORTH
O001197,C00172,2026-05-22 05:58:23,PLACED,CENTRAL
O001198,C00331,2024-10-29 11:46:18,DELIVERED,SOUTH
O001199,C00555,2026-04-11 07:24:06,DELIVERED,WEST
O001200,C00219,2024-11-11 08:19:21,SHIPPED,EAST
O001201,C00412,2025-01-04 00:24:24,DELIVERED,NORTH
O001202,C00470,2025-08-13 07:36:26,DELIVERED,EAST
O001203,C00378,2026-05-07 22:34:36,PLACED,SOUTH
O001204,C00512,2025-09-04 10:50:21,RETURNED,NORTH
O001205,C00583,2026-07-10 19:22:57,SHIPPED,NORTH
O001206,C00398,2026-03-17 11:40:12,DELIVERED,SOUTH
O001207,C00326,2025-06-16 06:14:39,RETURNED,WEST
O001208,C00019,2024-09-18 12:03:41,DELIVERED,CENTRAL
O001209,C00524,2025-10-13 13:46:57,DELIVERED,SOUTH
O001210,C00014,2025-12-08 21:14:59,DELIVERED,CENTRAL
O001211,C00243,2024-11-15 11:06:20,DELIVERED,SOUTH
O001212,C00062,2026-04-06 02:45:04,SHIPPED,WEST
O001213,C00156,2025-05-10 07:12:57,DELIVERED,NORTH
O001214,C00455,2025-03-11 21:38:09,DELIVERED,EAST
O001215,C00326,2024-11-25 09:59:13,DELIVERED,NORTH
O001216,C00296,2025-12-26 14:57:59,DELIVERED,SOUTH
O001217,C00351,2026-07-31 11:55:19,DELIVERED,CENTRAL
O001218,C00228,2024-09-04 08:54:09,DELIVERED,WEST
O001219,C00188,2025-12-26 11:34:16,DELIVERED,NORTH
O001220,C00072,2024-09-15 17:45:39,RETURNED,NORTH
O001221,C00210,2026-04-21 05:00:49,SHIPPED,SOUTH
O001222,C00210,09-03-2026 19:50:37,DELIVERED,NORTH
O001223,C00319,2025-09-20 16:51:59,SHIPPED,SOUTH
O001224,C00181,2025-03-18 15:17:55,DELIVERED,EAST
O001225,C00460,2025-04-29 20:50:51,RETURNED,SOUTH
O001226,C00082,2025-04-15 17:22:47,RETURNED,EAST
O001227,C00172,2025-08-22 13:36:47,DELIVERED,WEST
O001228,C00444,2025-12-10 22:02:53,DELIVERED,WEST
O001229,C00438,2024-07-31 13:44:52,CANCELLED,EAST
O001230,C00157,2026-03-12 19:25:10,DELIVERED,SOUTH
O001231,C00475,2025-03-31 13:42:45,DELIVERED,EAST
O001232,C00493,2025-07-30 20:19:40,PLACED,SOUTH
O001233,C00201,2026-07-13 16:56:45,SHIPPED,SOUTH
O001234,C00513,2024-07-15 00:19:41,DELIVERED,EAST
O001235,C00426,2025-11-26 14:35:24,RETURNED,EAST
O001236,C00316,2025-08-08 17:41:05,DELIVERED,CENTRAL
O001237,C00040,2024-09-21 14:44:39,RETURNED,NORTH
O001238,C00167,2025-08-09 20:27:14,SHIPPED,WEST
O001239,C00522,2025-03-29 12:33:07,DELIVERED,EAST
O001240,C00395,2026-06-24 01:57:42,CANCELLED,SOUTH
O001241,C00036,2025-03-16 17:15:15,CANCELLED,EAST
O001242,C00152,2026-04-18 00:53:22,DELIVERED,WEST
O001243,C00261,2026-06-08 05:13:34,DELIVERED,CENTRAL
O001244,C00013,2026-05-20 05:44:17,SHIPPED,NORTH
O001245,C00408,2026-05-01 13:51:16,DELIVERED,NORTH
O001246,C00434,2025-12-23 06:44:08,SHIPPED,WEST
O001247,C00513,2025-03-26 10:51:51,RETURNED,WEST
O001248,C00422,2026-03-03 11:04:26,DELIVERED,NORTH
O001249,C00587,2024-10-30 23:01:24,DELIVERED,EAST
O001250,C00215,2024-12-04 09:39:20,RETURNED,WEST
O001251,C00007,2026-06-26 11:04:42,RETURNED,WEST
O001252,C00072,2024-07-12 03:23:16,DELIVERED,WEST
O001253,C00296,2025-12-30 15:02:15,DELIVERED,SOUTH
O001254,C00191,2025-01-07 13:30:05,DELIVERED,SOUTH
O001255,C00515,2025-11-21 06:29:12,RETURNED,WEST
O001256,C00191,2026-02-11 07:36:01,SHIPPED,SOUTH
O001257,C00419,2025-01-23 09:18:12,DELIVERED,CENTRAL
O001258,C00171,2024-10-30 23:01:57,PLACED,NORTH
O001259,C00284,2025-08-01 04:24:01,PLACED,NORTH
O001260,C00490,2026-03-02 08:24:32,DELIVERED,NORTH
O001261,C00273,2024-07-20 02:05:01,DELIVERED,NORTH
O001262,C00043,2026-05-23 21:04:01,SHIPPED,CENTRAL
O001263,C00533,2024-07-18 13:32:18,RETURNED,EAST
O001264,C00346,2025-11-20 17:05:26,DELIVERED,EAST
O001265,C00323,2025-07-25 12:21:06,DELIVERED,EAST
O001266,C00388,2026-05-23 14:22:07,DELIVERED,EAST
O001267,C00004,2025-06-14 03:30:29,DELIVERED,WEST
O001268,C00027,2026-07-23 04:55:00,DELIVERED,CENTRAL
O001269,C00378,23-04-2025 08:54:35,DELIVERED,WEST
O001270,C00193,2025-12-20 14:54:08,PLACED,EAST
O001271,C00369,2024-07-28 22:56:09,CANCELLED,EAST
O001272,C00240,2026-06-05 16:02:15,DELIVERED,WEST
O001273,C00084,2026-08-06 22:09:52,DELIVERED,WEST
O001274,C00395,2026-05-16 03:31:05,DELIVERED,SOUTH
O001275,C00533,2026-07-10 05:04:23,CANCELLED,CENTRAL
O001276,C00510,2024-08-12 04:30:58,DELIVERED,EAST
O001277,C00479,2026-05-31 19:50:24,SHIPPED,WEST
O001278,C00554,2024-11-06 17:24:57,DELIVERED,SOUTH
O001279,C00109,2025-01-01 03:07:01,DELIVERED,NORTH
O001280,C00393,2024-12-22 11:44:54,DELIVERED,SOUTH
O001281,C00488,2026-07-17 09:14:26,RETURNED,NORTH
O001282,C00548,2026-05-23 04:48:12,DELIVERED,WEST
O001283,C00230,2024-10-11 11:58:39,RETURNED,CENTRAL
O001284,C00352,2024-09-15 23:18:27,DELIVERED,WEST
O001285,C00576,2026-05-11 23:14:20,RETURNED,WEST
O001286,C00266,2025-03-06 08:00:00,SHIPPED,NORTH
O001287,C00349,2024-11-02 03:06:22,DELIVERED,SOUTH
O001288,C00377,2024-11-06 20:43:02,SHIPPED,EAST
O001289,C00002,2025-08-04 20:51:56,DELIVERED,CENTRAL
O001290,C00398,2026-01-10 06:46:24,RETURNED,EAST
O001291,C00533,2025-07-19 04:27:34,DELIVERED,CENTRAL
O001292,C00405,2025-02-23 03:44:29,PLACED,WEST
O001293,C00304,2025-05-30 05:07:45,DELIVERED,WEST
O001294,C00151,2026-06-07 16:27:19,DELIVERED,SOUTH
O001295,C00328,2026-05-23 01:06:40,DELIVERED,NORTH
O001296,C00490,2025-04-17 20:45:30,DELIVERED,SOUTH
O001297,C00386,2025-11-29 10:28:25,PLACED,EAST
O001298,C00231,2024-12-14 07:31:44,DELIVERED,NORTH
O001299,C00402,2025-01-10 17:36:37,DELIVERED,SOUTH
O001300,C00402,2024-08-02 19:48:38,DELIVERED,WEST
O001301,C00401,2025-07-02 14:06:35,PLACED,EAST
O001302,C00562,2025-04-26 06:57:50,DELIVERED,SOUTH
O001303,C00056,2025-06-07 20:59:31,DELIVERED,EAST
O001304,C00168,2025-10-22 23:41:43,DELIVERED,WEST
O001305,C00299,2026-06-23 17:25:33,CANCELLED,SOUTH
O001306,C00010,2025-02-19 06:59:03,DELIVERED,CENTRAL
O001307,C00386,2024-10-23 05:14:05,RETURNED,WEST
O001308,C00058,2026-06-06 05:59:08,SHIPPED,WEST
O001309,C00121,2025-01-10 01:46:16,RETURNED,EAST
O001310,C00153,2026-03-10 15:39:20,DELIVERED,WEST
O001311,C00122,2025-03-18 01:05:54,DELIVERED,WEST
O001312,C00177,2025-05-16 21:33:58,DELIVERED,WEST
O001313,C00092,2026-06-19 23:50:12,DELIVERED,WEST
O001314,C00456,2025-04-18 22:53:00,DELIVERED,NORTH
O001315,C00125,2024-11-07 02:52:10,DELIVERED,CENTRAL
O001316,C00587,26-02-2025 00:41:57,RETURNED,WEST
O001317,C00186,2025-04-17 03:18:12,DELIVERED,WEST
O001318,C00129,2025-05-12 20:39:56,SHIPPED,NORTH
O001319,C00190,2026-07-11 19:25:51,DELIVERED,NORTH
O001320,C00550,2025-08-18 20:06:22,DELIVERED,CENTRAL
O001321,C00532,2025-11-23 02:11:18,DELIVERED,CENTRAL
O001322,C00128,2026-07-11 23:35:18,DELIVERED,SOUTH
O001323,C00186,2026-05-16 04:07:57,CANCELLED,SOUTH
O001324,C00458,2024-07-16 20:03:27,DELIVERED,NORTH
O001325,C00589,2024-08-20 04:33:03,SHIPPED,SOUTH
O001326,C00263,2024-10-08 20:20:26,CANCELLED,NORTH
O001327,C00519,2024-10-05 04:24:05,DELIVERED,CENTRAL
O001328,C00001,2025-01-02 15:15:49,DELIVERED,NORTH
O001329,C00547,2025-12-24 10:32:35,DELIVERED,CENTRAL
O001330,C00536,2025-11-25 11:15:16,CANCELLED,EAST
O001331,C00523,2026-03-23 19:27:23,SHIPPED,NORTH
O001332,C00243,2026-05-20 01:29:22,PLACED,SOUTH
O001333,C00138,2025-05-13 07:41:47,DELIVERED,SOUTH
O001334,C00285,2026-03-08 12:56:02,SHIPPED,CENTRAL
O001335,C00564,2025-09-16 02:34:05,DELIVERED,WEST
O001336,C00410,2026-05-07 05:48:25,DELIVERED,EAST
O001337,C00147,2026-06-03 15:20:49,DELIVERED,NORTH
O001338,C00198,2026-04-16 09:40:09,DELIVERED,CENTRAL
O001339,C00524,2026-05-15 23:26:43,DELIVERED,WEST
O001340,C00445,2024-12-15 11:22:44,DELIVERED,CENTRAL
O001341,C00277,2025-03-21 02:41:00,SHIPPED,NORTH
O001342,C00417,2026-06-11 19:49:34,PLACED,NORTH
O001343,C00280,2025-07-17 12:00:13,SHIPPED,SOUTH
O001344,C00101,2025-04-17 00:13:11,DELIVERED,SOUTH
O001345,C00127,2025-08-02 03:41:01,SHIPPED,EAST
O001346,C00098,2026-03-05 17:41:14,DELIVERED,CENTRAL
O001347,C00278,2025-04-25 19:56:30,DELIVERED,NORTH
O001348,C00399,2025-01-01 11:26:19,SHIPPED,CENTRAL
O001349,C00413,2026-01-26 21:30:36,DELIVERED,SOUTH
O001350,C00526,2025-04-02 00:12:23,DELIVERED,SOUTH
O001351,C00582,2024-12-04 13:39:09,DELIVERED,NORTH
O001352,C00380,2026-07-23 23:07:59,DELIVERED,SOUTH
O001353,C00429,2026-06-05 22:01:22,DELIVERED,SOUTH
O001354,C00480,2025-10-03 12:44:58,DELIVERED,EAST
O001355,C00235,2025-09-22 18:48:54,DELIVERED,NORTH
O001356,C00321,2025-05-19 14:39:41,DELIVERED,NORTH
O001357,C00096,2024-09-27 08:36:01,SHIPPED,NORTH
O001358,C00568,2024-10-05 10:16:06,CANCELLED,NORTH
O001359,C00140,2025-09-18 18:22:53,DELIVERED,CENTRAL
O001360,C00128,2026-06-12 19:14:42,DELIVERED,CENTRAL
O001361,C00436,2025-01-21 00:07:34,DELIVERED,EAST
O001362,C00044,2025-03-18 19:05:19,DELIVERED,SOUTH
O001363,C00231,01-06-2026 18:55:17,SHIPPED,EAST
O001364,C00362,2024-11-24 18:33:48,RETURNED,WEST
O001365,C00175,2025-11-30 13:39:47,DELIVERED,NORTH
O001366,C00553,2025-06-22 08:57:16,CANCELLED,NORTH
O001367,C00495,2025-05-04 10:45:12,DELIVERED,SOUTH
O001368,C00583,2024-07-13 22:50:28,DELIVERED,EAST
O001369,C00037,2026-04-30 18:37:50,RETURNED,CENTRAL
O001370,C00365,2025-11-22 01:57:15,PLACED,WEST
O001371,C00363,2025-06-12 10:43:24,SHIPPED,EAST
O001372,C00412,2026-07-20 06:38:19,DELIVERED,NORTH
O001373,C00203,2025-09-25 17:46:32,SHIPPED,CENTRAL
O001374,C00127,2024-12-15 14:48:52,CANCELLED,NORTH
O001375,C00257,2024-12-17 23:46:05,DELIVERED,WEST
O001376,C00374,2025-07-29 10:45:26,DELIVERED,SOUTH
O001377,C00112,2026-01-11 09:40:20,RETURNED,WEST
O001378,C00363,2024-12-23 04:57:12,DELIVERED,NORTH
O001379,C00114,2025-07-13 07:05:12,SHIPPED,NORTH
O001380,C00432,2024-11-24 14:13:32,DELIVERED,NORTH
O001381,C00491,2024-12-22 07:06:21,RETURNED,EAST
O001382,C00501,2024-11-09 15:11:32,DELIVERED,SOUTH
O001383,C00514,2025-06-08 14:25:11,DELIVERED,WEST
O001384,C00111,2024-11-22 03:51:21,DELIVERED,SOUTH
O001385,C00513,2024-12-17 12:23:23,PLACED,SOUTH
O001386,C00440,2024-09-02 12:19:04,RETURNED,NORTH
O001387,C00297,2025-09-28 17:20:38,DELIVERED,NORTH
O001388,C00157,2025-09-23 08:52:51,DELIVERED,SOUTH
O001389,C00118,2025-03-23 10:05:48,CANCELLED,SOUTH
O001390,C00204,2026-05-24 15:29:09,DELIVERED,NORTH
O001391,C00186,2026-06-28 18:09:00,SHIPPED,CENTRAL
O001392,C00153,2026-04-16 22:57:41,DELIVERED,SOUTH
O001393,C00281,2025-08-25 01:15:27,RETURNED,SOUTH
O001394,C00205,2025-09-20 00:30:13,SHIPPED,NORTH
O001395,C00538,2025-08-04 14:41:24,DELIVERED,SOUTH
O001396,C00437,2025-02-23 12:06:02,DELIVERED,CENTRAL
O001397,C00053,2025-09-21 23:18:12,DELIVERED,EAST
O001398,C00360,2025-07-18 10:04:32,DELIVERED,SOUTH
O001399,C00187,2025-06-03 01:35:32,PLACED,NORTH
O001400,C00218,2026-05-18 11:34:16,DELIVERED,EAST
